scenario_id,has_leak,x_leak_true,q_leak_true,leak_size,noise_level,noise_std,n_sensors,leak_detected,t_detection,x_leak_pred,x_leak_error_km,q_leak_pred,q_leak_error_pct,method,inference_time_ms,has_leak_prob,training_time_s,noise_std_db
0,False,,0.0,none,trivial,500.0,2.0,True,55.66666666666666,1000.0,,6.958274413792156e-07,,mass_balance_npw,,,,0.0
1,True,2000.0,0.005,small,trivial,500.0,2.0,True,50.0,2000.0,0.0,0.004970571931269,0.5885613746182267,mass_balance_npw,,,,0.0
2,True,2000.0,0.015,medium,trivial,500.0,2.0,True,50.0,2000.0,0.0,0.0149123161013968,0.5845593240209312,mass_balance_npw,,,,0.0
3,True,2000.0,0.03,large,trivial,500.0,2.0,True,50.0,2000.0,0.0,0.0298284779742254,0.5717400859150725,mass_balance_npw,,,,0.0
4,True,4000.0,0.005,small,trivial,500.0,2.0,True,51.66666666666666,3999.999999999997,2.7284841053187848e-15,0.0049528705089032,0.9425898219342366,mass_balance_npw,,,,0.0
5,True,4000.0,0.015,medium,trivial,500.0,2.0,True,51.66666666666666,3999.999999999997,2.7284841053187848e-15,0.0148611715738172,0.9255228412185952,mass_balance_npw,,,,0.0
6,True,4000.0,0.03,large,trivial,500.0,2.0,True,51.66666666666666,3999.999999999997,2.7284841053187848e-15,0.029732151881277,0.8928270624098539,mass_balance_npw,,,,0.0
7,True,6000.0,0.005,small,trivial,500.0,2.0,True,51.66666666666666,6000.000000000003,2.7284841053187848e-15,0.0049388518602726,1.2229627945464956,mass_balance_npw,,,,0.0
8,True,6000.0,0.015,medium,trivial,500.0,2.0,True,51.66666666666666,6000.000000000003,2.7284841053187848e-15,0.0148213291276881,1.1911391487455398,mass_balance_npw,,,,0.0
9,True,6000.0,0.03,large,trivial,500.0,2.0,True,51.66666666666666,6000.000000000003,2.7284841053187848e-15,0.0296588320925935,1.1372263580216684,mass_balance_npw,,,,0.0
10,True,8000.0,0.005,small,trivial,500.0,2.0,True,50.0,7799.999999999998,0.2000000000000018,0.004972065368628,0.5586926274389094,mass_balance_npw,,,,0.0
11,True,8000.0,0.015,medium,trivial,500.0,2.0,True,50.0,7799.999999999998,0.2000000000000018,0.0149205291400247,0.529805733168141,mass_balance_npw,,,,0.0
12,True,8000.0,0.03,large,trivial,500.0,2.0,True,50.0,7799.999999999998,0.2000000000000018,0.0298556107745997,0.4812974180008061,mass_balance_npw,,,,0.0
0,False,,0.0,none,facil,2000.0,2.0,True,55.66666666666666,1000.0,,2.783309765512309e-06,,mass_balance_npw,,,,12.041199826559248
1,True,2000.0,0.005,small,facil,2000.0,2.0,True,50.0,1900.0000000000011,0.0999999999999986,0.0049718295964635,0.5634080707285147,mass_balance_npw,,,,12.041199826559248
2,True,2000.0,0.015,medium,facil,2000.0,2.0,True,50.0,2000.0,0.0,0.0149135737665913,0.576174889391004,mass_balance_npw,,,,12.041199826559248
3,True,2000.0,0.03,large,facil,2000.0,2.0,True,50.0,2000.0,0.0,0.0298297356394199,0.5675478686001032,mass_balance_npw,,,,12.041199826559248
4,True,4000.0,0.005,small,facil,2000.0,2.0,True,51.75,3950.0,0.05,0.0049547687124192,0.9046257516158972,mass_balance_npw,,,,12.041199826559248
5,True,4000.0,0.015,medium,facil,2000.0,2.0,True,51.66666666666666,3999.999999999997,2.7284841053187848e-15,0.0148625975140142,0.9160165732386218,mass_balance_npw,,,,12.041199826559248
6,True,4000.0,0.03,large,facil,2000.0,2.0,True,51.66666666666666,3999.999999999997,2.7284841053187848e-15,0.029733577821474,0.8880739284198673,mass_balance_npw,,,,12.041199826559248
7,True,6000.0,0.005,small,facil,2000.0,2.0,True,51.75,5950.000000000002,0.0499999999999981,0.004939333084625,1.2133383074993538,mass_balance_npw,,,,12.041199826559248
8,True,6000.0,0.015,medium,facil,2000.0,2.0,True,51.66666666666666,6000.000000000003,2.7284841053187848e-15,0.0148227550678851,1.1816328807655665,mass_balance_npw,,,,12.041199826559248
9,True,6000.0,0.03,large,facil,2000.0,2.0,True,51.66666666666666,6000.000000000003,2.7284841053187848e-15,0.0296602580327904,1.1324732240316815,mass_balance_npw,,,,12.041199826559248
10,True,8000.0,0.005,small,facil,2000.0,2.0,True,50.0,7749.999999999997,0.2500000000000027,0.0049733230338225,0.5335393235491801,mass_balance_npw,,,,12.041199826559248
11,True,8000.0,0.015,medium,facil,2000.0,2.0,True,50.0,7799.999999999998,0.2000000000000018,0.0149217868052192,0.5214212985382254,mass_balance_npw,,,,12.041199826559248
12,True,8000.0,0.03,large,facil,2000.0,2.0,True,50.0,7799.999999999998,0.2000000000000018,0.0298568684397942,0.47710520068586,mass_balance_npw,,,,12.041199826559248
0,False,,0.0,none,moderado,8000.0,2.0,True,55.66666666666666,1000.0,,1.1133239062049804e-05,,mass_balance_npw,,,,24.082399653118497
1,True,2000.0,0.005,small,moderado,8000.0,2.0,True,50.08333333333333,1749.9999999999973,0.2500000000000027,0.0049767487426896,0.4650251462061383,mass_balance_npw,,,,24.082399653118497
2,True,2000.0,0.015,medium,moderado,8000.0,2.0,True,50.0,1950.0000000000027,0.0499999999999972,0.0149186044273692,0.5426371508713534,mass_balance_npw,,,,24.082399653118497
3,True,2000.0,0.03,large,moderado,8000.0,2.0,True,50.0,1949.9999999999984,0.0500000000000013,0.0298347663001979,0.5507789993402836,mass_balance_npw,,,,24.082399653118497
4,True,4000.0,0.005,small,moderado,8000.0,2.0,True,51.91666666666666,3699.999999999997,0.3000000000000027,0.004961408623124,0.7718275375199861,mass_balance_npw,,,,24.082399653118497
5,True,4000.0,0.015,medium,moderado,8000.0,2.0,True,51.75,3899.999999999999,0.1000000000000013,0.014869725103772,0.868499308186027,mass_balance_npw,,,,24.082399653118497
6,True,4000.0,0.03,large,moderado,8000.0,2.0,True,51.66666666666666,3950.0,0.05,0.029739281582262,0.8690613924599208,mass_balance_npw,,,,24.082399653118497
7,True,6000.0,0.005,small,moderado,8000.0,2.0,True,51.91666666666666,5999.999999999998,1.8189894035458565e-15,0.0049433749053099,1.1325018938018565,mass_balance_npw,,,,24.082399653118497
8,True,6000.0,0.015,medium,moderado,8000.0,2.0,True,51.75,5950.000000000002,0.0499999999999981,0.0148256797983805,1.162134677462704,mass_balance_npw,,,,24.082399653118497
9,True,6000.0,0.03,large,moderado,8000.0,2.0,True,51.66666666666666,6000.000000000003,2.7284841053187848e-15,0.0296659617935784,1.1134606880717235,mass_balance_npw,,,,24.082399653118497
10,True,8000.0,0.005,small,moderado,8000.0,2.0,True,50.08333333333333,7499.999999999998,0.5000000000000018,0.0049764561704807,0.4708765903856972,mass_balance_npw,,,,24.082399653118497
11,True,8000.0,0.015,medium,moderado,8000.0,2.0,True,50.0,7749.999999999997,0.2500000000000027,0.0149268174659972,0.4878835600185631,mass_balance_npw,,,,24.082399653118497
12,True,8000.0,0.03,large,moderado,8000.0,2.0,True,50.0,7749.999999999997,0.2500000000000027,0.0298618991005721,0.4603363314260288,mass_balance_npw,,,,24.082399653118497
0,False,,0.0,none,dificil,25000.0,2.0,True,55.66666666666666,1000.0,,3.479137206890566e-05,,mass_balance_npw,,,,33.979400086720375
1,True,2000.0,0.005,small,dificil,25000.0,2.0,True,51.08333333333333,1850.0,0.15,0.0049910780273829,0.1784394523412363,mass_balance_npw,,,,33.979400086720375
2,True,2000.0,0.015,medium,dificil,25000.0,2.0,True,50.08333333333333,1749.9999999999973,0.2500000000000027,0.0149325219879843,0.4498534134375967,mass_balance_npw,,,,33.979400086720375
3,True,2000.0,0.03,large,dificil,25000.0,2.0,True,50.0,1900.0000000000011,0.0999999999999986,0.0298490198390687,0.5032672031040839,mass_balance_npw,,,,33.979400086720375
4,True,4000.0,0.005,small,dificil,25000.0,2.0,True,52.66666666666666,3899.999999999999,0.1000000000000013,0.0049806808917623,0.3863821647524107,mass_balance_npw,,,,33.979400086720375
5,True,4000.0,0.015,medium,dificil,25000.0,2.0,True,51.91666666666666,3699.999999999997,0.3000000000000027,0.0148886834483443,0.7421103443708393,mass_balance_npw,,,,33.979400086720375
6,True,4000.0,0.03,large,dificil,25000.0,2.0,True,51.83333333333333,3849.999999999997,0.1500000000000027,0.0297610249219475,0.7965835935082438,mass_balance_npw,,,,33.979400086720375
7,True,6000.0,0.005,small,dificil,25000.0,2.0,True,52.66666666666666,5249.999999999998,0.7500000000000018,0.0049548940285807,0.902119428384477,mass_balance_npw,,,,33.979400086720375
8,True,6000.0,0.015,medium,dificil,25000.0,2.0,True,51.91666666666666,5949.999999999997,0.0500000000000027,0.014836932152761,1.0871189815929323,mass_balance_npw,,,,33.979400086720375
9,True,6000.0,0.03,large,dificil,25000.0,2.0,True,51.83333333333333,5999.999999999998,1.8189894035458565e-15,0.0296716317524071,1.0945608253096553,mass_balance_npw,,,,33.979400086720375
10,True,8000.0,0.005,small,dificil,25000.0,2.0,True,51.08333333333333,6899.999999999998,1.100000000000002,0.0049691126668262,0.6177466634755581,mass_balance_npw,,,,33.979400086720375
11,True,8000.0,0.015,medium,dificil,25000.0,2.0,True,50.08333333333333,7449.999999999997,0.5500000000000027,0.0149354722133562,0.4301852442916212,mass_balance_npw,,,,33.979400086720375
12,True,8000.0,0.03,large,dificil,25000.0,2.0,True,50.0,7700.0,0.3,0.029876152639443,0.4128245351898291,mass_balance_npw,,,,33.979400086720375
0,False,,0.0,none,muy_dificil,50000.0,2.0,True,55.66666666666666,1000.0,,6.958274413781144e-05,,mass_balance_npw,,,,40.0
1,True,2000.0,0.005,small,muy_dificil,50000.0,2.0,True,51.91666666666666,1000.0,1.0,0.0050165189444888,0.3303788897769839,mass_balance_npw,,,,40.0
2,True,2000.0,0.015,medium,muy_dificil,50000.0,2.0,True,50.5,1750.0000000000014,0.2499999999999986,0.0149520684833135,0.319543444576587,mass_balance_npw,,,,40.0
3,True,2000.0,0.03,large,muy_dificil,50000.0,2.0,True,50.08333333333333,1749.9999999999973,0.2500000000000027,0.0298692986187877,0.4356712707074527,mass_balance_npw,,,,40.0
4,True,4000.0,0.005,small,muy_dificil,50000.0,2.0,True,53.08333333333333,3050.0,0.95,0.0050078031429635,0.1560628592712533,mass_balance_npw,,,,40.0
5,True,4000.0,0.015,medium,muy_dificil,50000.0,2.0,True,52.25,3850.000000000002,0.1499999999999986,0.0149172585386671,0.5516097422191348,mass_balance_npw,,,,40.0
6,True,4000.0,0.03,large,muy_dificil,50000.0,2.0,True,51.91666666666666,3699.999999999997,0.3000000000000027,0.0297875828070524,0.7080573098252353,mass_balance_npw,,,,40.0
7,True,6000.0,0.005,small,muy_dificil,50000.0,2.0,True,53.08333333333333,5199.999999999997,0.8000000000000027,0.0049805367134941,0.3892657301161548,mass_balance_npw,,,,40.0
8,True,6000.0,0.015,medium,muy_dificil,50000.0,2.0,True,52.25,5600.0,0.4,0.0148529141309839,0.9805724601069308,mass_balance_npw,,,,40.0
9,True,6000.0,0.03,large,muy_dificil,50000.0,2.0,True,51.91666666666666,5949.999999999997,0.0500000000000027,0.0296908422649164,1.0305257836119155,mass_balance_npw,,,,40.0
10,True,8000.0,0.005,small,muy_dificil,50000.0,2.0,True,54.91666666666666,4400.0,3.6,0.0049532998099095,0.9340038018084904,mass_balance_npw,,,,40.0
11,True,8000.0,0.015,medium,muy_dificil,50000.0,2.0,True,50.5,7299.999999999997,0.7000000000000027,0.0149285769436483,0.4761537090110466,mass_balance_npw,,,,40.0
12,True,8000.0,0.03,large,muy_dificil,50000.0,2.0,True,50.08333333333333,7449.999999999997,0.5500000000000027,0.0298861831809296,0.3793893969012673,mass_balance_npw,,,,40.0
0,False,,0.0,none,trivial,500.0,3.0,True,54.08333333333333,1000.0,,7.147052105231079e-07,,mass_balance_npw,,,,0.0
1,True,2000.0,0.005,small,trivial,500.0,3.0,True,50.0,3500.0,1.5,0.0049708593406387,0.5828131872257641,mass_balance_npw,,,,0.0
2,True,2000.0,0.015,medium,trivial,500.0,3.0,True,50.0,3500.0,1.5,0.0149126035107664,0.5826432615567655,mass_balance_npw,,,,0.0
3,True,2000.0,0.03,large,trivial,500.0,3.0,True,50.0,3500.0,1.5,0.0298287653835951,0.5707820546829839,mass_balance_npw,,,,0.0
4,True,4000.0,0.005,small,trivial,500.0,3.0,True,51.66666666666666,4499.999999999998,0.4999999999999981,0.0049530822097147,0.9383558057056256,mass_balance_npw,,,,0.0
5,True,4000.0,0.015,medium,trivial,500.0,3.0,True,51.66666666666666,4499.999999999998,0.4999999999999981,0.0148613832746286,0.9241115024757076,mass_balance_npw,,,,0.0
6,True,4000.0,0.03,large,trivial,500.0,3.0,True,51.66666666666666,4499.999999999998,0.4999999999999981,0.0297323635820884,0.8921213930384216,mass_balance_npw,,,,0.0
7,True,6000.0,0.005,small,trivial,500.0,3.0,True,51.66666666666666,5500.000000000002,0.4999999999999981,0.0049390635610841,1.2187287783178846,mass_balance_npw,,,,0.0
8,True,6000.0,0.015,medium,trivial,500.0,3.0,True,51.66666666666666,5500.000000000002,0.4999999999999981,0.0148215408284995,1.189727810002687,mass_balance_npw,,,,0.0
9,True,6000.0,0.03,large,trivial,500.0,3.0,True,51.66666666666666,5500.000000000002,0.4999999999999981,0.0296590437934049,1.1365206886502246,mass_balance_npw,,,,0.0
10,True,8000.0,0.005,small,trivial,500.0,3.0,True,50.0,6399.999999999999,1.600000000000001,0.0049723527779976,0.5529444400464295,mass_balance_npw,,,,0.0
11,True,8000.0,0.015,medium,trivial,500.0,3.0,True,50.0,6399.999999999999,1.600000000000001,0.0149208165493944,0.5278896707039751,mass_balance_npw,,,,0.0
12,True,8000.0,0.03,large,trivial,500.0,3.0,True,50.0,6399.999999999999,1.600000000000001,0.0298558981839693,0.4803393867687406,mass_balance_npw,,,,0.0
0,False,,0.0,none,facil,2000.0,3.0,True,54.08333333333333,1000.0,,2.858820842089337e-06,,mass_balance_npw,,,,12.041199826559248
1,True,2000.0,0.005,small,facil,2000.0,3.0,True,50.0,3474.999999999999,1.4749999999999992,0.004972979233942,0.5404153211585951,mass_balance_npw,,,,12.041199826559248
2,True,2000.0,0.015,medium,facil,2000.0,3.0,True,50.0,3500.0,1.5,0.0149147234040698,0.5685106395343874,mass_balance_npw,,,,12.041199826559248
3,True,2000.0,0.03,large,facil,2000.0,3.0,True,50.0,3500.0,1.5,0.0298308852768984,0.5637157436717949,mass_balance_npw,,,,12.041199826559248
4,True,4000.0,0.005,small,facil,2000.0,3.0,True,51.66666666666666,4499.999999999998,0.4999999999999981,0.004955143252346,0.897134953079838,mass_balance_npw,,,,12.041199826559248
5,True,4000.0,0.015,medium,facil,2000.0,3.0,True,51.66666666666666,4499.999999999998,0.4999999999999981,0.0148634443172599,0.9103712182671176,mass_balance_npw,,,,12.041199826559248
6,True,4000.0,0.03,large,facil,2000.0,3.0,True,51.66666666666666,4499.999999999998,0.4999999999999981,0.0297344246247197,0.885251250934115,mass_balance_npw,,,,12.041199826559248
7,True,6000.0,0.005,small,facil,2000.0,3.0,True,51.66666666666666,5475.000000000001,0.5249999999999991,0.0049411246037153,1.177507925692097,mass_balance_npw,,,,12.041199826559248
8,True,6000.0,0.015,medium,facil,2000.0,3.0,True,51.66666666666666,5500.000000000002,0.4999999999999981,0.0148236018711308,1.1759875257940622,mass_balance_npw,,,,12.041199826559248
9,True,6000.0,0.03,large,facil,2000.0,3.0,True,51.66666666666666,5500.000000000002,0.4999999999999981,0.0296611048360362,1.1296505465459294,mass_balance_npw,,,,12.041199826559248
10,True,8000.0,0.005,small,facil,2000.0,3.0,True,50.0,6399.999999999999,1.600000000000001,0.004974472671301,0.5105465739792779,mass_balance_npw,,,,12.041199826559248
11,True,8000.0,0.015,medium,facil,2000.0,3.0,True,50.0,6399.999999999999,1.600000000000001,0.0149229364426977,0.5137570486815856,mass_balance_npw,,,,12.041199826559248
12,True,8000.0,0.03,large,facil,2000.0,3.0,True,50.0,6399.999999999999,1.600000000000001,0.0298580180772727,0.4732730757575401,mass_balance_npw,,,,12.041199826559248
0,False,,0.0,none,moderado,8000.0,3.0,True,54.08333333333333,1000.0,,1.1435283368359796e-05,,mass_balance_npw,,,,24.082399653118497
1,True,2000.0,0.005,small,moderado,8000.0,3.0,True,50.16666666666666,3425.0,1.425,0.0049810324877302,0.3793502453947744,mass_balance_npw,,,,24.082399653118497
2,True,2000.0,0.015,medium,moderado,8000.0,3.0,True,50.0,3475.000000000002,1.475000000000002,0.0149232029772832,0.5119801514447941,mass_balance_npw,,,,24.082399653118497
3,True,2000.0,0.03,large,moderado,8000.0,3.0,True,50.0,3500.0,1.5,0.0298393648501118,0.535450499627004,mass_balance_npw,,,,24.082399653118497
4,True,4000.0,0.005,small,moderado,8000.0,3.0,True,52.0,4424.999999999998,0.4249999999999981,0.0049647364027579,0.7052719448414485,mass_balance_npw,,,,24.082399653118497
5,True,4000.0,0.015,medium,moderado,8000.0,3.0,True,51.75,4475.0,0.475,0.0148730242336308,0.8465051091275748,mass_balance_npw,,,,24.082399653118497
6,True,4000.0,0.03,large,moderado,8000.0,3.0,True,51.66666666666666,4499.999999999998,0.4999999999999981,0.0297426687952449,0.8577706825169118,mass_balance_npw,,,,24.082399653118497
7,True,6000.0,0.005,small,moderado,8000.0,3.0,True,52.0,5525.0,0.475,0.0049455220296372,1.0895594072559898,mass_balance_npw,,,,24.082399653118497
8,True,6000.0,0.015,medium,moderado,8000.0,3.0,True,51.75,5475.000000000001,0.5249999999999991,0.0148289789282393,1.1401404784042517,mass_balance_npw,,,,24.082399653118497
9,True,6000.0,0.03,large,moderado,8000.0,3.0,True,51.66666666666666,5500.000000000002,0.4999999999999981,0.0296693490065613,1.1021699781287146,mass_balance_npw,,,,24.082399653118497
10,True,8000.0,0.005,small,moderado,8000.0,3.0,True,50.16666666666666,6299.999999999998,1.7000000000000015,0.0049789508356814,0.42098328637016,mass_balance_npw,,,,24.082399653118497
11,True,8000.0,0.015,medium,moderado,8000.0,3.0,True,50.0,6374.999999999998,1.6250000000000018,0.0149314160159111,0.4572265605920038,mass_balance_npw,,,,24.082399653118497
12,True,8000.0,0.03,large,moderado,8000.0,3.0,True,50.0,6399.999999999999,1.600000000000001,0.0298664976504861,0.4450078317127376,mass_balance_npw,,,,24.082399653118497
0,False,,0.0,none,dificil,25000.0,3.0,True,54.08333333333333,1000.0,,3.573526052612619e-05,,mass_balance_npw,,,,33.979400086720375
1,True,2000.0,0.005,small,dificil,25000.0,3.0,True,50.5,3375.000000000001,1.3750000000000009,0.005003843685175,0.0768737035007106,mass_balance_npw,,,,33.979400086720375
2,True,2000.0,0.015,medium,dificil,25000.0,3.0,True,50.16666666666666,3425.0,1.425,0.0149459207676263,0.3605282158243804,mass_balance_npw,,,,33.979400086720375
3,True,2000.0,0.03,large,dificil,25000.0,3.0,True,50.08333333333333,3450.000000000001,1.4500000000000008,0.0298623049575483,0.4589834748388102,mass_balance_npw,,,,33.979400086720375
4,True,4000.0,0.005,small,dificil,25000.0,3.0,True,52.41666666666666,4000.000000000002,1.8189894035458565e-15,0.0049881109459354,0.2377810812908762,mass_balance_npw,,,,33.979400086720375
5,True,4000.0,0.015,medium,dificil,25000.0,3.0,True,52.0,4424.999999999998,0.4249999999999981,0.014899033870659,0.6731075289394378,mass_balance_npw,,,,33.979400086720375
6,True,4000.0,0.03,large,dificil,25000.0,3.0,True,51.75,4450.0,0.45,0.0297686444534678,0.7711851551071963,mass_balance_npw,,,,33.979400086720375
7,True,6000.0,0.005,small,dificil,25000.0,3.0,True,52.41666666666666,5574.999999999999,0.4250000000000009,0.0049641869243266,0.7162615134661231,mass_balance_npw,,,,33.979400086720375
8,True,6000.0,0.015,medium,dificil,25000.0,3.0,True,52.0,5525.0,0.475,0.0148437808053902,1.0414612973982478,mass_balance_npw,,,,33.979400086720375
9,True,6000.0,0.03,large,dificil,25000.0,3.0,True,51.75,5499.999999999999,0.5000000000000009,0.0296870589547704,1.043136817431671,mass_balance_npw,,,,33.979400086720375
10,True,8000.0,0.005,small,dificil,25000.0,3.0,True,50.5,6100.0,1.9,0.004994574982641,0.108500347179713,mass_balance_npw,,,,33.979400086720375
11,True,8000.0,0.015,medium,dificil,25000.0,3.0,True,50.16666666666666,6299.999999999998,1.7000000000000015,0.0149435996860531,0.3760020929787176,mass_balance_npw,,,,33.979400086720375
12,True,8000.0,0.03,large,dificil,25000.0,3.0,True,50.08333333333333,6350.0,1.65,0.0298791895196902,0.4027016010326364,mass_balance_npw,,,,33.979400086720375
0,False,,0.0,none,muy_dificil,50000.0,3.0,True,54.08333333333333,1000.0,,7.147052105225208e-05,,mass_balance_npw,,,,40.0
1,True,2000.0,0.005,small,muy_dificil,50000.0,3.0,True,51.33333333333333,1000.0,1.0,0.0050358518517196,0.7170370343929228,mass_balance_npw,,,,40.0
2,True,2000.0,0.015,medium,muy_dificil,50000.0,3.0,True,50.25,3375.000000000001,1.3750000000000009,0.0149801397919426,0.1324013870490289,mass_balance_npw,,,,40.0
3,True,2000.0,0.03,large,muy_dificil,50000.0,3.0,True,50.16666666666666,3425.0,1.425,0.029896084481179,0.3463850627366076,mass_balance_npw,,,,40.0
4,True,4000.0,0.005,small,muy_dificil,50000.0,3.0,True,52.75,4000.000000000002,1.3642420526593924e-15,0.0050230163138452,0.4603262769047045,mass_balance_npw,,,,40.0
5,True,4000.0,0.015,medium,muy_dificil,50000.0,3.0,True,52.25,4450.000000000002,0.4500000000000018,0.0149340413673288,0.4397242178077673,mass_balance_npw,,,,40.0
6,True,4000.0,0.03,large,muy_dificil,50000.0,3.0,True,52.0,4424.999999999998,0.4249999999999981,0.0298082641616046,0.6391194613178732,mass_balance_npw,,,,40.0
7,True,6000.0,0.005,small,muy_dificil,50000.0,3.0,True,52.75,5049.999999999999,0.950000000000001,0.0049967704380354,0.0645912392915719,mass_balance_npw,,,,40.0
8,True,6000.0,0.015,medium,muy_dificil,50000.0,3.0,True,52.25,5500.0,0.5,0.0148696969596456,0.8686869356955748,mass_balance_npw,,,,40.0
9,True,6000.0,0.03,large,muy_dificil,50000.0,3.0,True,52.0,5525.0,0.475,0.0297046369901208,0.9845433662639588,mass_balance_npw,,,,40.0
10,True,8000.0,0.005,small,muy_dificil,50000.0,3.0,True,51.33333333333333,5699.999999999998,2.3000000000000016,0.0050083981463214,0.1679629264285213,mass_balance_npw,,,,40.0
11,True,8000.0,0.015,medium,muy_dificil,50000.0,3.0,True,50.25,6149.999999999998,1.8500000000000016,0.0149725389297375,0.1830738017494805,mass_balance_npw,,,,40.0
12,True,8000.0,0.03,large,muy_dificil,50000.0,3.0,True,50.16666666666666,6299.999999999998,1.7000000000000015,0.0299027058704976,0.3243137650077906,mass_balance_npw,,,,40.0
0,False,,0.0,none,trivial,500.0,2.0,False,,,,6.442232849401819e-07,,pressure_gradient,,,,0.0
1,True,2000.0,0.005,small,trivial,500.0,2.0,False,,,,0.0050072811552034,,pressure_gradient,,,,0.0
2,True,2000.0,0.015,medium,trivial,500.0,2.0,False,,,,0.0150196388689802,,pressure_gradient,,,,0.0
3,True,2000.0,0.03,large,trivial,500.0,2.0,False,,,,0.0300360117476235,,pressure_gradient,,,,0.0
4,True,4000.0,0.005,small,trivial,500.0,2.0,False,,,,0.0050137998627666,,pressure_gradient,,,,0.0
5,True,4000.0,0.015,medium,trivial,500.0,2.0,False,,,,0.0150377748381303,,pressure_gradient,,,,0.0
6,True,4000.0,0.03,large,trivial,500.0,2.0,False,,,,0.0300684104074021,,pressure_gradient,,,,0.0
7,True,6000.0,0.005,small,trivial,500.0,2.0,False,,,,0.0050089564426725,,pressure_gradient,,,,0.0
8,True,6000.0,0.015,medium,trivial,500.0,2.0,False,,,,0.015022598199278,,pressure_gradient,,,,0.0
9,True,6000.0,0.03,large,trivial,500.0,2.0,False,,,,0.0300365254577903,,pressure_gradient,,,,0.0
10,True,8000.0,0.005,small,trivial,500.0,2.0,False,,,,0.0050053543311717,,pressure_gradient,,,,0.0
11,True,8000.0,0.015,medium,trivial,500.0,2.0,False,,,,0.0150118786357412,,pressure_gradient,,,,0.0
12,True,8000.0,0.03,large,trivial,500.0,2.0,False,,,,0.0300154697603879,,pressure_gradient,,,,0.0
0,False,,0.0,none,facil,2000.0,2.0,False,,,,2.5768931398162387e-06,,pressure_gradient,,,,12.041199826559248
1,True,2000.0,0.005,small,facil,2000.0,2.0,False,,,,0.0050092138250583,,pressure_gradient,,,,12.041199826559248
2,True,2000.0,0.015,medium,facil,2000.0,2.0,False,,,,0.015021571538835,,pressure_gradient,,,,12.041199826559248
3,True,2000.0,0.03,large,facil,2000.0,2.0,False,,,,0.0300379444174784,,pressure_gradient,,,,12.041199826559248
4,True,4000.0,0.005,small,facil,2000.0,2.0,False,,,,0.0050157325326215,,pressure_gradient,,,,12.041199826559248
5,True,4000.0,0.015,medium,facil,2000.0,2.0,False,,,,0.0150397075079852,,pressure_gradient,,,,12.041199826559248
6,True,4000.0,0.03,large,facil,2000.0,2.0,False,,,,0.0300703430772569,,pressure_gradient,,,,12.041199826559248
7,True,6000.0,0.005,small,facil,2000.0,2.0,False,,,,0.0050108891125273,,pressure_gradient,,,,12.041199826559248
8,True,6000.0,0.015,medium,facil,2000.0,2.0,False,,,,0.0150245308691329,,pressure_gradient,,,,12.041199826559248
9,True,6000.0,0.03,large,facil,2000.0,2.0,False,,,,0.0300384581276452,,pressure_gradient,,,,12.041199826559248
10,True,8000.0,0.005,small,facil,2000.0,2.0,False,,,,0.0050072870010265,,pressure_gradient,,,,12.041199826559248
11,True,8000.0,0.015,medium,facil,2000.0,2.0,False,,,,0.0150138113055961,,pressure_gradient,,,,12.041199826559248
12,True,8000.0,0.03,large,facil,2000.0,2.0,False,,,,0.0300174024302428,,pressure_gradient,,,,12.041199826559248
0,False,,0.0,none,moderado,8000.0,2.0,False,,,,1.0307572559598022e-05,,pressure_gradient,,,,24.082399653118497
1,True,2000.0,0.005,small,moderado,8000.0,2.0,False,,,,0.0050169445044781,,pressure_gradient,,,,24.082399653118497
2,True,2000.0,0.015,medium,moderado,8000.0,2.0,False,,,,0.0150293022182548,,pressure_gradient,,,,24.082399653118497
3,True,2000.0,0.03,large,moderado,8000.0,2.0,False,,,,0.0300456750968981,,pressure_gradient,,,,24.082399653118497
4,True,4000.0,0.005,small,moderado,8000.0,2.0,False,,,,0.0050234632120413,,pressure_gradient,,,,24.082399653118497
5,True,4000.0,0.015,medium,moderado,8000.0,2.0,False,,,,0.0150474381874048,,pressure_gradient,,,,24.082399653118497
6,True,4000.0,0.03,large,moderado,8000.0,2.0,False,,,,0.0300780737566767,,pressure_gradient,,,,24.082399653118497
7,True,6000.0,0.005,small,moderado,8000.0,2.0,False,,,,0.005018619791947,,pressure_gradient,,,,24.082399653118497
8,True,6000.0,0.015,medium,moderado,8000.0,2.0,False,,,,0.0150322615485526,,pressure_gradient,,,,24.082399653118497
9,True,6000.0,0.03,large,moderado,8000.0,2.0,False,,,,0.030046188807065,,pressure_gradient,,,,24.082399653118497
10,True,8000.0,0.005,small,moderado,8000.0,2.0,False,,,,0.0050150176804462,,pressure_gradient,,,,24.082399653118497
11,True,8000.0,0.015,medium,moderado,8000.0,2.0,False,,,,0.0150215419850158,,pressure_gradient,,,,24.082399653118497
12,True,8000.0,0.03,large,moderado,8000.0,2.0,False,,,,0.0300251331096625,,pressure_gradient,,,,24.082399653118497
0,False,,0.0,none,dificil,25000.0,2.0,False,,,,3.221116424878545e-05,,pressure_gradient,,,,33.979400086720375
1,True,2000.0,0.005,small,dificil,25000.0,2.0,False,,,,0.0050388480961673,,pressure_gradient,,,,33.979400086720375
2,True,2000.0,0.015,medium,dificil,25000.0,2.0,False,,,,0.015051205809944,,pressure_gradient,,,,33.979400086720375
3,True,2000.0,0.03,large,dificil,25000.0,2.0,False,,,,0.0300675786885873,,pressure_gradient,,,,33.979400086720375
4,True,4000.0,0.005,small,dificil,25000.0,2.0,False,,,,0.0050453668037305,,pressure_gradient,,,,33.979400086720375
5,True,4000.0,0.015,medium,dificil,25000.0,2.0,False,,,,0.0150693417790941,,pressure_gradient,,,,33.979400086720375
6,True,4000.0,0.03,large,dificil,25000.0,2.0,False,,,,0.0300999773483658,,pressure_gradient,,,,33.979400086720375
7,True,6000.0,0.005,small,dificil,25000.0,2.0,False,,,,0.0050405233836363,,pressure_gradient,,,,33.979400086720375
8,True,6000.0,0.015,medium,dificil,25000.0,2.0,False,,,,0.0150541651402418,,pressure_gradient,,,,33.979400086720375
9,True,6000.0,0.03,large,dificil,25000.0,2.0,False,,,,0.0300680923987541,,pressure_gradient,,,,33.979400086720375
10,True,8000.0,0.005,small,dificil,25000.0,2.0,False,,,,0.0050369212721354,,pressure_gradient,,,,33.979400086720375
11,True,8000.0,0.015,medium,dificil,25000.0,2.0,False,,,,0.015043445576705,,pressure_gradient,,,,33.979400086720375
12,True,8000.0,0.03,large,dificil,25000.0,2.0,False,,,,0.0300470367013518,,pressure_gradient,,,,33.979400086720375
0,False,,0.0,none,muy_dificil,50000.0,2.0,False,,,,6.442232849745988e-05,,pressure_gradient,,,,40.0
1,True,2000.0,0.005,small,muy_dificil,50000.0,2.0,False,,,,0.005071059260416,,pressure_gradient,,,,40.0
2,True,2000.0,0.015,medium,muy_dificil,50000.0,2.0,False,,,,0.0150834169741927,,pressure_gradient,,,,40.0
3,True,2000.0,0.03,large,muy_dificil,50000.0,2.0,False,,,,0.030099789852836,,pressure_gradient,,,,40.0
4,True,4000.0,0.005,small,muy_dificil,50000.0,2.0,False,,,,0.0050775779679791,,pressure_gradient,,,,40.0
5,True,4000.0,0.015,medium,muy_dificil,50000.0,2.0,False,,,,0.0151015529433428,,pressure_gradient,,,,40.0
6,True,4000.0,0.03,large,muy_dificil,50000.0,2.0,False,,,,0.0301321885126145,,pressure_gradient,,,,40.0
7,True,6000.0,0.005,small,muy_dificil,50000.0,2.0,False,,,,0.005072734547885,,pressure_gradient,,,,40.0
8,True,6000.0,0.015,medium,muy_dificil,50000.0,2.0,False,,,,0.0150863763044905,,pressure_gradient,,,,40.0
9,True,6000.0,0.03,large,muy_dificil,50000.0,2.0,False,,,,0.0301003035630029,,pressure_gradient,,,,40.0
10,True,8000.0,0.005,small,muy_dificil,50000.0,2.0,False,,,,0.0050691324363841,,pressure_gradient,,,,40.0
11,True,8000.0,0.015,medium,muy_dificil,50000.0,2.0,False,,,,0.0150756567409537,,pressure_gradient,,,,40.0
12,True,8000.0,0.03,large,muy_dificil,50000.0,2.0,False,,,,0.0300792478656005,,pressure_gradient,,,,40.0
0,False,,0.0,none,trivial,500.0,3.0,False,,,,6.442232849401819e-07,,pressure_gradient,,,,0.0
1,True,2000.0,0.005,small,trivial,500.0,3.0,False,,,,0.0050072811552034,,pressure_gradient,,,,0.0
2,True,2000.0,0.015,medium,trivial,500.0,3.0,False,,,,0.0150196388689802,,pressure_gradient,,,,0.0
3,True,2000.0,0.03,large,trivial,500.0,3.0,False,,,,0.0300360117476235,,pressure_gradient,,,,0.0
4,True,4000.0,0.005,small,trivial,500.0,3.0,False,,,,0.0050137998627666,,pressure_gradient,,,,0.0
5,True,4000.0,0.015,medium,trivial,500.0,3.0,False,,,,0.0150377748381303,,pressure_gradient,,,,0.0
6,True,4000.0,0.03,large,trivial,500.0,3.0,False,,,,0.0300684104074021,,pressure_gradient,,,,0.0
7,True,6000.0,0.005,small,trivial,500.0,3.0,False,,,,0.0050089564426725,,pressure_gradient,,,,0.0
8,True,6000.0,0.015,medium,trivial,500.0,3.0,False,,,,0.015022598199278,,pressure_gradient,,,,0.0
9,True,6000.0,0.03,large,trivial,500.0,3.0,False,,,,0.0300365254577903,,pressure_gradient,,,,0.0
10,True,8000.0,0.005,small,trivial,500.0,3.0,False,,,,0.0050053543311717,,pressure_gradient,,,,0.0
11,True,8000.0,0.015,medium,trivial,500.0,3.0,False,,,,0.0150118786357412,,pressure_gradient,,,,0.0
12,True,8000.0,0.03,large,trivial,500.0,3.0,False,,,,0.0300154697603879,,pressure_gradient,,,,0.0
0,False,,0.0,none,facil,2000.0,3.0,False,,,,2.5768931398162387e-06,,pressure_gradient,,,,12.041199826559248
1,True,2000.0,0.005,small,facil,2000.0,3.0,False,,,,0.0050092138250583,,pressure_gradient,,,,12.041199826559248
2,True,2000.0,0.015,medium,facil,2000.0,3.0,False,,,,0.015021571538835,,pressure_gradient,,,,12.041199826559248
3,True,2000.0,0.03,large,facil,2000.0,3.0,False,,,,0.0300379444174784,,pressure_gradient,,,,12.041199826559248
4,True,4000.0,0.005,small,facil,2000.0,3.0,False,,,,0.0050157325326215,,pressure_gradient,,,,12.041199826559248
5,True,4000.0,0.015,medium,facil,2000.0,3.0,False,,,,0.0150397075079852,,pressure_gradient,,,,12.041199826559248
6,True,4000.0,0.03,large,facil,2000.0,3.0,False,,,,0.0300703430772569,,pressure_gradient,,,,12.041199826559248
7,True,6000.0,0.005,small,facil,2000.0,3.0,False,,,,0.0050108891125273,,pressure_gradient,,,,12.041199826559248
8,True,6000.0,0.015,medium,facil,2000.0,3.0,False,,,,0.0150245308691329,,pressure_gradient,,,,12.041199826559248
9,True,6000.0,0.03,large,facil,2000.0,3.0,False,,,,0.0300384581276452,,pressure_gradient,,,,12.041199826559248
10,True,8000.0,0.005,small,facil,2000.0,3.0,False,,,,0.0050072870010265,,pressure_gradient,,,,12.041199826559248
11,True,8000.0,0.015,medium,facil,2000.0,3.0,False,,,,0.0150138113055961,,pressure_gradient,,,,12.041199826559248
12,True,8000.0,0.03,large,facil,2000.0,3.0,False,,,,0.0300174024302428,,pressure_gradient,,,,12.041199826559248
0,False,,0.0,none,moderado,8000.0,3.0,False,,,,1.0307572559598022e-05,,pressure_gradient,,,,24.082399653118497
1,True,2000.0,0.005,small,moderado,8000.0,3.0,False,,,,0.0050169445044781,,pressure_gradient,,,,24.082399653118497
2,True,2000.0,0.015,medium,moderado,8000.0,3.0,False,,,,0.0150293022182548,,pressure_gradient,,,,24.082399653118497
3,True,2000.0,0.03,large,moderado,8000.0,3.0,False,,,,0.0300456750968981,,pressure_gradient,,,,24.082399653118497
4,True,4000.0,0.005,small,moderado,8000.0,3.0,False,,,,0.0050234632120413,,pressure_gradient,,,,24.082399653118497
5,True,4000.0,0.015,medium,moderado,8000.0,3.0,False,,,,0.0150474381874048,,pressure_gradient,,,,24.082399653118497
6,True,4000.0,0.03,large,moderado,8000.0,3.0,False,,,,0.0300780737566767,,pressure_gradient,,,,24.082399653118497
7,True,6000.0,0.005,small,moderado,8000.0,3.0,False,,,,0.005018619791947,,pressure_gradient,,,,24.082399653118497
8,True,6000.0,0.015,medium,moderado,8000.0,3.0,False,,,,0.0150322615485526,,pressure_gradient,,,,24.082399653118497
9,True,6000.0,0.03,large,moderado,8000.0,3.0,False,,,,0.030046188807065,,pressure_gradient,,,,24.082399653118497
10,True,8000.0,0.005,small,moderado,8000.0,3.0,False,,,,0.0050150176804462,,pressure_gradient,,,,24.082399653118497
11,True,8000.0,0.015,medium,moderado,8000.0,3.0,False,,,,0.0150215419850158,,pressure_gradient,,,,24.082399653118497
12,True,8000.0,0.03,large,moderado,8000.0,3.0,False,,,,0.0300251331096625,,pressure_gradient,,,,24.082399653118497
0,False,,0.0,none,dificil,25000.0,3.0,False,,,,3.221116424878545e-05,,pressure_gradient,,,,33.979400086720375
1,True,2000.0,0.005,small,dificil,25000.0,3.0,False,,,,0.0050388480961673,,pressure_gradient,,,,33.979400086720375
2,True,2000.0,0.015,medium,dificil,25000.0,3.0,False,,,,0.015051205809944,,pressure_gradient,,,,33.979400086720375
3,True,2000.0,0.03,large,dificil,25000.0,3.0,False,,,,0.0300675786885873,,pressure_gradient,,,,33.979400086720375
4,True,4000.0,0.005,small,dificil,25000.0,3.0,False,,,,0.0050453668037305,,pressure_gradient,,,,33.979400086720375
5,True,4000.0,0.015,medium,dificil,25000.0,3.0,False,,,,0.0150693417790941,,pressure_gradient,,,,33.979400086720375
6,True,4000.0,0.03,large,dificil,25000.0,3.0,True,120.0,3756.10691500852,0.2438930849914804,0.0300999773483658,0.3332578278863093,pressure_gradient,,,,33.979400086720375
7,True,6000.0,0.005,small,dificil,25000.0,3.0,False,,,,0.0050405233836363,,pressure_gradient,,,,33.979400086720375
8,True,6000.0,0.015,medium,dificil,25000.0,3.0,False,,,,0.0150541651402418,,pressure_gradient,,,,33.979400086720375
9,True,6000.0,0.03,large,dificil,25000.0,3.0,False,,,,0.0300680923987541,,pressure_gradient,,,,33.979400086720375
10,True,8000.0,0.005,small,dificil,25000.0,3.0,False,,,,0.0050369212721354,,pressure_gradient,,,,33.979400086720375
11,True,8000.0,0.015,medium,dificil,25000.0,3.0,False,,,,0.015043445576705,,pressure_gradient,,,,33.979400086720375
12,True,8000.0,0.03,large,dificil,25000.0,3.0,False,,,,0.0300470367013518,,pressure_gradient,,,,33.979400086720375
0,False,,0.0,none,muy_dificil,50000.0,3.0,False,,,,6.442232849745988e-05,,pressure_gradient,,,,40.0
1,True,2000.0,0.005,small,muy_dificil,50000.0,3.0,False,,,,0.005071059260416,,pressure_gradient,,,,40.0
2,True,2000.0,0.015,medium,muy_dificil,50000.0,3.0,False,,,,0.0150834169741927,,pressure_gradient,,,,40.0
3,True,2000.0,0.03,large,muy_dificil,50000.0,3.0,False,,,,0.030099789852836,,pressure_gradient,,,,40.0
4,True,4000.0,0.005,small,muy_dificil,50000.0,3.0,False,,,,0.0050775779679791,,pressure_gradient,,,,40.0
5,True,4000.0,0.015,medium,muy_dificil,50000.0,3.0,False,,,,0.0151015529433428,,pressure_gradient,,,,40.0
6,True,4000.0,0.03,large,muy_dificil,50000.0,3.0,True,120.0,3420.0558326932764,0.5799441673067236,0.0301321885126145,0.4406283753818907,pressure_gradient,,,,40.0
7,True,6000.0,0.005,small,muy_dificil,50000.0,3.0,False,,,,0.005072734547885,,pressure_gradient,,,,40.0
8,True,6000.0,0.015,medium,muy_dificil,50000.0,3.0,False,,,,0.0150863763044905,,pressure_gradient,,,,40.0
9,True,6000.0,0.03,large,muy_dificil,50000.0,3.0,False,,,,0.0301003035630029,,pressure_gradient,,,,40.0
10,True,8000.0,0.005,small,muy_dificil,50000.0,3.0,False,,,,0.0050691324363841,,pressure_gradient,,,,40.0
11,True,8000.0,0.015,medium,muy_dificil,50000.0,3.0,False,,,,0.0150756567409537,,pressure_gradient,,,,40.0
12,True,8000.0,0.03,large,muy_dificil,50000.0,3.0,False,,,,0.0300792478656005,,pressure_gradient,,,,40.0
0,False,,0.0,none,trivial,500.0,3.0,True,,6586.953401565552,,0.0063254054635763,,lstm,2.994537353515625,0.7947792410850525,,0.0
1,True,2000.0000298023224,0.0050000002607703,small,trivial,500.0,3.0,True,,2412.4766886234283,0.4124766588211059,0.0092126503586769,84.25299756399556,lstm,1.0106563568115234,0.8286294341087341,,0.0
2,True,4000.000059604645,0.0050000002607703,medium,trivial,500.0,3.0,True,,4369.504451751709,0.3695043921470642,0.0107357908040285,114.71580488226836,lstm,0.9999275207519532,0.827240526676178,,0.0
3,True,6000.000238418579,0.0050000002607703,large,trivial,500.0,3.0,True,,6716.670393943787,0.7166701555252075,0.0078480776399374,56.961544612565554,lstm,0.0,0.8368000388145447,,0.0
4,True,8000.00011920929,0.0050000002607703,small,trivial,500.0,3.0,True,,7930.03499507904,0.069965124130249,0.008162173256278,63.24345661175105,lstm,1.0838508605957031,0.8535310626029968,,0.0
5,True,2000.0000298023224,0.0150000002235174,medium,trivial,500.0,3.0,True,,2175.024449825287,0.1750244200229644,0.0169303581118583,12.869052397175832,lstm,0.9801387786865234,0.887385904788971,,0.0
6,True,4000.000059604645,0.0150000002235174,large,trivial,500.0,3.0,True,,4444.6733593940735,0.4446732997894287,0.0191414594650268,27.609727865312568,lstm,0.979900360107422,0.8985705375671387,,0.0
7,True,6000.000238418579,0.0150000002235174,small,trivial,500.0,3.0,True,,6456.106305122376,0.4561060667037964,0.0157545391470193,5.030259415056404,lstm,1.0366439819335938,0.9174970984458924,,0.0
8,True,8000.00011920929,0.0150000002235174,medium,trivial,500.0,3.0,True,,8285.378813743591,0.2853786945343017,0.0172808490693569,15.205658745681358,lstm,1.016378402709961,0.9377472996711732,,0.0
9,True,2000.0000298023224,0.0300000004470348,large,trivial,500.0,3.0,True,,1654.8696160316467,0.3451304137706756,0.0216171741485595,27.942753911871403,lstm,1.0159015655517578,0.9088337421417236,,0.0
10,True,4000.000059604645,0.0300000004470348,small,trivial,500.0,3.0,True,,3555.685877799988,0.444314181804657,0.0268920354545116,10.359883154036355,lstm,0.0,0.918555498123169,,0.0
11,True,6000.000238418579,0.0300000004470348,medium,trivial,500.0,3.0,True,,5799.349546432495,0.2006506919860839,0.0223196178674697,25.601274883728102,lstm,3.048896789550781,0.93612140417099,,0.0
12,True,8000.00011920929,0.0300000004470348,large,trivial,500.0,3.0,True,,8624.698519706726,0.6246984004974365,0.0219909556210041,26.696815688955542,lstm,2.0020008087158203,0.963984191417694,,0.0
0,False,,0.0,none,facil,2000.0,3.0,True,,7003.036141395569,,0.0059418847784399,,lstm,0.9963512420654296,0.7991548180580139,,12.041199826559248
1,True,2000.0000298023224,0.0050000002607703,small,facil,2000.0,3.0,True,,2446.5472996234894,0.446547269821167,0.0090630685910582,81.26136236764836,lstm,2.001047134399414,0.8263299465179443,,12.041199826559248
2,True,4000.000059604645,0.0050000002607703,medium,facil,2000.0,3.0,True,,4971.534907817841,0.9715348482131958,0.010137103870511,102.74206683639837,lstm,1.0006427764892578,0.8273946642875671,,12.041199826559248
3,True,6000.000238418579,0.0050000002607703,large,facil,2000.0,3.0,True,,6965.883374214172,0.9658831357955932,0.0076053259894251,52.10651185553088,lstm,1.1129379272460938,0.8391056656837463,,12.041199826559248
4,True,8000.00011920929,0.0050000002607703,small,facil,2000.0,3.0,True,,8247.658014297485,0.2476578950881958,0.0083760794252157,67.5215797673832,lstm,1.0099411010742188,0.8603703379631042,,12.041199826559248
5,True,2000.0000298023224,0.0150000002235174,medium,facil,2000.0,3.0,True,,2320.19305229187,0.3201930224895477,0.0176920529454946,17.947017879083486,lstm,0.9999275207519532,0.8895180821418762,,12.041199826559248
6,True,4000.000059604645,0.0150000002235174,large,facil,2000.0,3.0,True,,4229.518473148346,0.2295184135437011,0.0198526695370674,32.35112827493058,lstm,1.0008811950683594,0.8987185955047607,,12.041199826559248
7,True,6000.000238418579,0.0150000002235174,small,facil,2000.0,3.0,True,,6566.218137741089,0.5662178993225098,0.0151045549660921,0.6970316067780246,lstm,1.0044574737548828,0.9137725830078124,,12.041199826559248
8,True,8000.00011920929,0.0150000002235174,medium,facil,2000.0,3.0,True,,8425.847887992859,0.4258477687835693,0.016839475929737,12.26317119206232,lstm,0.99945068359375,0.939689040184021,,12.041199826559248
9,True,2000.0000298023224,0.0300000004470348,large,facil,2000.0,3.0,True,,1849.8815596103668,0.1501184701919555,0.0225632920861244,24.78902750031609,lstm,0.9992122650146484,0.9101040363311768,,12.041199826559248
10,True,4000.000059604645,0.0300000004470348,small,facil,2000.0,3.0,True,,3687.0738863945007,0.312926173210144,0.0264013029634952,11.995658099716035,lstm,1.0786056518554688,0.919575333595276,,12.041199826559248
11,True,6000.000238418579,0.0300000004470348,medium,facil,2000.0,3.0,True,,5769.381523132324,0.2306187152862548,0.0228464551270008,23.84515071145966,lstm,0.9996891021728516,0.938338339328766,,12.041199826559248
12,True,8000.00011920929,0.0300000004470348,large,facil,2000.0,3.0,True,,8697.569966316223,0.6975698471069336,0.0204195477068424,31.93484199144182,lstm,0.0,0.9629051089286804,,12.041199826559248
0,False,,0.0,none,moderado,8000.0,3.0,True,,8067.26336479187,,0.0060466831550002,,lstm,0.9989738464355468,0.8146972060203552,,24.082399653118497
1,True,2000.0000298023224,0.0050000002607703,small,moderado,8000.0,3.0,True,,3295.677602291107,1.2956775724887848,0.0097296115010976,94.59221987317846,lstm,0.9999275207519532,0.8261127471923828,,24.082399653118497
2,True,4000.000059604645,0.0050000002607703,medium,moderado,8000.0,3.0,True,,5835.014581680298,1.835014522075653,0.0089401222765445,78.80243620561768,lstm,0.9999275207519532,0.8293017148971558,,24.082399653118497
3,True,6000.000238418579,0.0050000002607703,large,moderado,8000.0,3.0,True,,7790.003418922424,1.7900031805038452,0.0080182453617453,60.36489887122595,lstm,0.9992122650146484,0.8499866127967834,,24.082399653118497
4,True,8000.00011920929,0.0050000002607703,small,moderado,8000.0,3.0,True,,8798.404932022095,0.7984048128128052,0.0070787977427244,41.57594747072733,lstm,0.9989738464355468,0.8728057146072388,,24.082399653118497
5,True,2000.0000298023224,0.0150000002235174,medium,moderado,8000.0,3.0,True,,2290.3749346733093,0.2903749048709869,0.0174604665488004,16.40310859079497,lstm,0.9996891021728516,0.8888734579086304,,24.082399653118497
6,True,4000.000059604645,0.0150000002235174,large,moderado,8000.0,3.0,True,,4789.790511131287,0.7897904515266418,0.0181527592241764,21.018393024528137,lstm,1.000165939331055,0.9003888964653015,,24.082399653118497
7,True,6000.000238418579,0.0150000002235174,small,moderado,8000.0,3.0,True,,6922.637224197388,0.9226369857788086,0.0164096552878618,9.39770028892606,lstm,0.9996891021728516,0.920257568359375,,24.082399653118497
8,True,8000.00011920929,0.0150000002235174,medium,moderado,8000.0,3.0,True,,8750.144839286804,0.7501447200775146,0.0144140928983688,3.9060487761192273,lstm,1.3284683227539062,0.9439480900764464,,24.082399653118497
9,True,2000.0000298023224,0.0300000004470348,large,moderado,8000.0,3.0,True,,1888.771504163742,0.1112285256385803,0.0229513809084892,23.495398111709985,lstm,2.0155906677246094,0.9121519327163696,,24.082399653118497
10,True,4000.000059604645,0.0300000004470348,small,moderado,8000.0,3.0,True,,3760.3625655174255,0.2396374940872192,0.0265585251152515,11.471584268337724,lstm,0.9992122650146484,0.9202258586883544,,24.082399653118497
11,True,6000.000238418579,0.0300000004470348,medium,moderado,8000.0,3.0,True,,6074.94056224823,0.0749403238296508,0.0217537969350814,27.487344630251165,lstm,0.9953975677490234,0.9393552541732788,,24.082399653118497
12,True,8000.00011920929,0.0300000004470348,large,moderado,8000.0,3.0,True,,8686.466813087463,0.6864666938781738,0.0256544798612594,14.48506840340691,lstm,0.5216598510742188,0.9654853343963624,,24.082399653118497
0,False,,0.0,none,dificil,25000.0,3.0,True,,9514.47606086731,,0.0020856189541518,,lstm,1.5075206756591797,0.8650593161582947,,33.979400086720375
1,True,2000.0000298023224,0.0050000002607703,small,dificil,25000.0,3.0,True,,5937.99889087677,3.937998861074448,0.0085433749482035,70.86749005263725,lstm,2.015352249145508,0.8258472084999084,,33.979400086720375
2,True,4000.000059604645,0.0050000002607703,medium,dificil,25000.0,3.0,True,,8204.248547554016,4.204248487949371,0.0081384144723415,62.76828095780339,lstm,0.9970664978027344,0.8582935333251953,,33.979400086720375
3,True,6000.000238418579,0.0050000002607703,large,dificil,25000.0,3.0,True,,9270.627498626707,3.27062726020813,0.0045364139601588,9.271725528671752,lstm,0.9989738464355468,0.8855743408203125,,33.979400086720375
4,True,8000.00011920929,0.0050000002607703,small,dificil,25000.0,3.0,True,,9512.91799545288,1.5129178762435913,0.0024844511412084,50.31097976731613,lstm,1.000165939331055,0.8889752626419067,,33.979400086720375
5,True,2000.0000298023224,0.0150000002235174,medium,dificil,25000.0,3.0,True,,2885.252833366394,0.8852528035640717,0.0185047678649425,23.365117261333506,lstm,1.10626220703125,0.8906610012054443,,33.979400086720375
6,True,4000.000059604645,0.0150000002235174,large,dificil,25000.0,3.0,True,,5560.569167137146,1.5605691075325012,0.0173133686184883,15.42245573666013,lstm,0.9980201721191406,0.9097378253936768,,33.979400086720375
7,True,6000.000238418579,0.0150000002235174,small,dificil,25000.0,3.0,True,,8136.845827102661,2.136845588684082,0.0178088128566741,18.725417275348047,lstm,1.0006427764892578,0.9364983439445496,,33.979400086720375
8,True,8000.00011920929,0.0150000002235174,medium,dificil,25000.0,3.0,True,,9181.901216506958,1.1819010972976685,0.0096644628793001,35.57024843141066,lstm,0.997304916381836,0.9464263319969176,,33.979400086720375
9,True,2000.0000298023224,0.0300000004470348,large,dificil,25000.0,3.0,True,,1917.7496433258057,0.0822503864765167,0.0225161097943782,24.946301803792984,lstm,1.2562274932861328,0.9091118574142456,,33.979400086720375
10,True,4000.000059604645,0.0300000004470348,small,dificil,25000.0,3.0,True,,3928.7468791008,0.0712531805038452,0.0265090763568878,11.63641346042732,lstm,0.9958744049072266,0.9218215942382812,,33.979400086720375
11,True,6000.000238418579,0.0300000004470348,medium,dificil,25000.0,3.0,True,,6945.217847824097,0.9452176094055176,0.0243396364152431,18.86787982481897,lstm,0.9987354278564452,0.9470887780189514,,33.979400086720375
12,True,8000.00011920929,0.0300000004470348,large,dificil,25000.0,3.0,True,,8685.113191604614,0.6851130723953247,0.0258250728249549,13.916425199561932,lstm,0.9999275207519532,0.9655498266220092,,33.979400086720375
0,False,,0.0,none,muy_dificil,50000.0,3.0,True,,9606.313109397888,,0.0017510341946035,,lstm,0.9984970092773438,0.8726494312286377,,40.0
1,True,2000.0000298023224,0.0050000002607703,small,muy_dificil,50000.0,3.0,True,,9055.013656616213,7.0550136268138885,0.0058295739814639,16.59147354855899,lstm,0.0,0.8787384629249573,,40.0
2,True,4000.000059604645,0.0050000002607703,medium,muy_dificil,50000.0,3.0,True,,9527.664184570312,5.527664124965668,0.0023683559149503,52.63288417138018,lstm,0.997304916381836,0.8885751366615295,,40.0
3,True,6000.000238418579,0.0050000002607703,large,muy_dificil,50000.0,3.0,True,,9542.245268821716,3.542245030403137,0.0025693022646009,48.61395738797112,lstm,1.9984245300292969,0.8929247856140137,,40.0
4,True,8000.00011920929,0.0050000002607703,small,muy_dificil,50000.0,3.0,True,,9539.33298587799,1.5393328666687012,0.0026030419394373,47.93916392643639,lstm,2.000093460083008,0.8932772874832153,,40.0
5,True,2000.0000298023224,0.0150000002235174,medium,muy_dificil,50000.0,3.0,True,,3777.32127904892,1.7773212492465973,0.0195516251027584,30.344165409443285,lstm,0.9996891021728516,0.892641007900238,,40.0
6,True,4000.000059604645,0.0150000002235174,large,muy_dificil,50000.0,3.0,True,,7148.929238319397,3.148929178714752,0.0165114428848028,10.076284258421008,lstm,0.9987354278564452,0.9205843806266784,,40.0
7,True,6000.000238418579,0.0150000002235174,small,muy_dificil,50000.0,3.0,True,,9120.12815475464,3.12012791633606,0.0109021581709384,27.318946610108817,lstm,0.9996891021728516,0.9480907320976256,,40.0
8,True,8000.00011920929,0.0150000002235174,medium,muy_dificil,50000.0,3.0,True,,9152.84276008606,1.15284264087677,0.0116753820329904,22.164120939908607,lstm,1.507282257080078,0.94857519865036,,40.0
9,True,2000.0000298023224,0.0300000004470348,large,muy_dificil,50000.0,3.0,True,,2206.9817781448364,0.206981748342514,0.024161135405302,19.46288318242307,lstm,1.5087127685546875,0.9128879904747008,,40.0
10,True,4000.000059604645,0.0300000004470348,small,muy_dificil,50000.0,3.0,True,,4722.759127616882,0.7227590680122375,0.0245876379311084,18.04120811758625,lstm,1.5091896057128906,0.9276623725891112,,40.0
11,True,6000.000238418579,0.0300000004470348,medium,muy_dificil,50000.0,3.0,True,,8139.751553535461,2.1397513151168823,0.0263501532375812,12.166157183555413,lstm,1.5070438385009766,0.960870087146759,,40.0
12,True,8000.00011920929,0.0300000004470348,large,muy_dificil,50000.0,3.0,True,,8658.671975135803,0.6586718559265137,0.0266764461994171,11.078513993643014,lstm,1.5025138854980469,0.9671050310134888,,40.0
1,True,2000.0,0.005,small,trivial,500.0,2.0,True,,5435.5673828125,3.4355673828125,0.0254999995231628,409.9999904632568,pinn,,,194.26447129249573,0.0
1,True,2000.0,0.005,small,trivial,500.0,3.0,True,,5281.85009765625,3.28185009765625,0.0254999995231628,409.9999904632568,pinn,,,207.53190660476685,0.0
1,True,2000.0,0.005,small,facil,2000.0,2.0,True,,5470.61669921875,3.47061669921875,0.0254999995231628,409.9999904632568,pinn,,,187.22634863853452,12.041199826559248
1,True,2000.0,0.005,small,facil,2000.0,3.0,True,,5465.80517578125,3.46580517578125,0.0254999995231628,409.9999904632568,pinn,,,202.6980991363525,12.041199826559248
1,True,2000.0,0.005,small,moderado,8000.0,2.0,True,,5470.53564453125,3.47053564453125,0.0254999995231628,409.9999904632568,pinn,,,194.86359167099,24.082399653118497
1,True,2000.0,0.005,small,moderado,8000.0,3.0,True,,5465.6953125,3.4656953125,0.0254999995231628,409.9999904632568,pinn,,,212.77047085762024,24.082399653118497
1,True,2000.0,0.005,small,dificil,25000.0,2.0,True,,5470.291015625,3.470291015625,0.0254999995231628,409.9999904632568,pinn,,,185.67128825187683,33.979400086720375
1,True,2000.0,0.005,small,dificil,25000.0,3.0,True,,5465.44189453125,3.46544189453125,0.0254999995231628,409.9999904632568,pinn,,,209.1517789363861,33.979400086720375
1,True,2000.0,0.005,small,muy_dificil,50000.0,2.0,True,,5469.9052734375,3.4699052734375,0.0254999995231628,409.9999904632568,pinn,,,196.01670956611636,40.0
1,True,2000.0,0.005,small,muy_dificil,50000.0,3.0,True,,5465.04833984375,3.46504833984375,0.0254999995231628,409.9999904632568,pinn,,,211.9643347263336,40.0
2,True,2000.0,0.015,medium,trivial,500.0,2.0,True,,5442.6650390625,3.4426650390625,0.0254999995231628,69.99999682108562,pinn,,,194.853239774704,0.0
2,True,2000.0,0.015,medium,trivial,500.0,3.0,True,,5439.890625,3.439890625,0.0254999995231628,69.99999682108562,pinn,,,209.43372511863708,0.0
2,True,2000.0,0.015,medium,facil,2000.0,2.0,True,,5442.64599609375,3.44264599609375,0.0254999995231628,69.99999682108562,pinn,,,193.3579108715057,12.041199826559248
2,True,2000.0,0.015,medium,facil,2000.0,3.0,True,,5439.86865234375,3.43986865234375,0.0254999995231628,69.99999682108562,pinn,,,212.3664193153381,12.041199826559248
2,True,2000.0,0.015,medium,moderado,8000.0,2.0,True,,5442.56005859375,3.44256005859375,0.0254999995231628,69.99999682108562,pinn,,,196.794757604599,24.082399653118497
2,True,2000.0,0.015,medium,moderado,8000.0,3.0,True,,5439.76318359375,3.43976318359375,0.0254999995231628,69.99999682108562,pinn,,,212.20304441452024,24.082399653118497
2,True,2000.0,0.015,medium,dificil,25000.0,2.0,True,,5442.35595703125,3.44235595703125,0.0254999995231628,69.99999682108562,pinn,,,194.3409907817841,33.979400086720375
2,True,2000.0,0.015,medium,dificil,25000.0,3.0,True,,5439.45947265625,3.43945947265625,0.0254999995231628,69.99999682108562,pinn,,,211.07902693748477,33.979400086720375
2,True,2000.0,0.015,medium,muy_dificil,50000.0,2.0,True,,5442.021484375,3.442021484375,0.0254999995231628,69.99999682108562,pinn,,,198.50072765350345,40.0
2,True,2000.0,0.015,medium,muy_dificil,50000.0,3.0,True,,5439.0166015625,3.4390166015625,0.0254999995231628,69.99999682108562,pinn,,,206.64922404289248,40.0
3,True,2000.0,0.03,large,trivial,500.0,2.0,True,,5393.25,3.39325,0.0254999995231628,15.00000158945719,pinn,,,199.08796381950376,0.0
3,True,2000.0,0.03,large,trivial,500.0,3.0,True,,5394.47607421875,3.39447607421875,0.0254999995231628,15.00000158945719,pinn,,,209.8379821777344,0.0
3,True,2000.0,0.03,large,facil,2000.0,2.0,True,,5393.24951171875,3.39324951171875,0.0254999995231628,15.00000158945719,pinn,,,191.36965322494507,12.041199826559248
3,True,2000.0,0.03,large,facil,2000.0,3.0,True,,5394.47314453125,3.39447314453125,0.0254999995231628,15.00000158945719,pinn,,,209.73840761184687,12.041199826559248
3,True,2000.0,0.03,large,moderado,8000.0,2.0,True,,5393.1357421875,3.3931357421875,0.0254999995231628,15.00000158945719,pinn,,,189.9895868301392,24.082399653118497
3,True,2000.0,0.03,large,moderado,8000.0,3.0,True,,5394.30517578125,3.39430517578125,0.0254999995231628,15.00000158945719,pinn,,,198.7224645614624,24.082399653118497
3,True,2000.0,0.03,large,dificil,25000.0,2.0,True,,5392.9296875,3.3929296875,0.0254999995231628,15.00000158945719,pinn,,,179.11285829544067,33.979400086720375
3,True,2000.0,0.03,large,dificil,25000.0,3.0,True,,5393.88232421875,3.39388232421875,0.0254999995231628,15.00000158945719,pinn,,,201.4412326812744,33.979400086720375
3,True,2000.0,0.03,large,muy_dificil,50000.0,2.0,True,,5392.5458984375,3.3925458984375,0.0254999995231628,15.00000158945719,pinn,,,189.8742287158966,40.0
3,True,2000.0,0.03,large,muy_dificil,50000.0,3.0,True,,5393.3759765625,3.3933759765625,0.0254999995231628,15.00000158945719,pinn,,,205.3447947502136,40.0
4,True,4000.0,0.005,small,trivial,500.0,2.0,True,,5471.0947265625,1.4710947265625,0.0254999995231628,409.9999904632568,pinn,,,192.8472256660461,0.0
4,True,4000.0,0.005,small,trivial,500.0,3.0,True,,5466.06005859375,1.46606005859375,0.0254999995231628,409.9999904632568,pinn,,,211.8323950767517,0.0
4,True,4000.0,0.005,small,facil,2000.0,2.0,True,,5471.0888671875,1.4710888671875,0.0254999995231628,409.9999904632568,pinn,,,191.5424032211304,12.041199826559248
4,True,4000.0,0.005,small,facil,2000.0,3.0,True,,5466.02099609375,1.46602099609375,0.0254999995231628,409.9999904632568,pinn,,,200.13084292411804,12.041199826559248
4,True,4000.0,0.005,small,moderado,8000.0,2.0,True,,5470.9716796875,1.4709716796875,0.0254999995231628,409.9999904632568,pinn,,,201.7578978538513,24.082399653118497
4,True,4000.0,0.005,small,moderado,8000.0,3.0,True,,5465.927734375,1.465927734375,0.0254999995231628,409.9999904632568,pinn,,,201.4908003807068,24.082399653118497
4,True,4000.0,0.005,small,dificil,25000.0,2.0,True,,5470.7578125,1.4707578125,0.0254999995231628,409.9999904632568,pinn,,,198.764436006546,33.979400086720375
4,True,4000.0,0.005,small,dificil,25000.0,3.0,True,,5465.7177734375,1.4657177734375,0.0254999995231628,409.9999904632568,pinn,,,199.17232513427732,33.979400086720375
4,True,4000.0,0.005,small,muy_dificil,50000.0,2.0,True,,5470.4033203125,1.4704033203125,0.0254999995231628,409.9999904632568,pinn,,,203.91242957115173,40.0
4,True,4000.0,0.005,small,muy_dificil,50000.0,3.0,True,,5465.3125,1.4653125,0.0254999995231628,409.9999904632568,pinn,,,200.1589188575745,40.0
5,True,4000.0,0.015,medium,trivial,500.0,2.0,True,,5444.498046875,1.444498046875,0.0254999995231628,69.99999682108562,pinn,,,180.15602731704712,0.0
5,True,4000.0,0.015,medium,trivial,500.0,3.0,True,,5441.19677734375,1.44119677734375,0.0254999995231628,69.99999682108562,pinn,,,199.2662448883057,0.0
5,True,4000.0,0.015,medium,facil,2000.0,2.0,True,,5444.494140625,1.444494140625,0.0254999995231628,69.99999682108562,pinn,,,175.87216758728027,12.041199826559248
5,True,4000.0,0.015,medium,facil,2000.0,3.0,True,,5441.16552734375,1.44116552734375,0.0254999995231628,69.99999682108562,pinn,,,189.14381980896,12.041199826559248
5,True,4000.0,0.015,medium,moderado,8000.0,2.0,True,,5444.40283203125,1.44440283203125,0.0254999995231628,69.99999682108562,pinn,,,195.46579003334045,24.082399653118497
5,True,4000.0,0.015,medium,moderado,8000.0,3.0,True,,5441.0703125,1.4410703125,0.0254999995231628,69.99999682108562,pinn,,,211.83303928375244,24.082399653118497
5,True,4000.0,0.015,medium,dificil,25000.0,2.0,True,,5444.17236328125,1.44417236328125,0.0254999995231628,69.99999682108562,pinn,,,191.5291974544525,33.979400086720375
5,True,4000.0,0.015,medium,dificil,25000.0,3.0,True,,5440.77392578125,1.44077392578125,0.0254999995231628,69.99999682108562,pinn,,,211.98628783226013,33.979400086720375
5,True,4000.0,0.015,medium,muy_dificil,50000.0,2.0,True,,5443.8330078125,1.4438330078125,0.0254999995231628,69.99999682108562,pinn,,,197.1489384174347,40.0
5,True,4000.0,0.015,medium,muy_dificil,50000.0,3.0,True,,5440.29296875,1.44029296875,0.0254999995231628,69.99999682108562,pinn,,,208.0561773777008,40.0
6,True,4000.0,0.03,large,trivial,500.0,2.0,True,,5398.57958984375,1.39857958984375,0.0254999995231628,15.00000158945719,pinn,,,201.90479946136475,0.0
6,True,4000.0,0.03,large,trivial,500.0,3.0,True,,5398.47705078125,1.39847705078125,0.0254999995231628,15.00000158945719,pinn,,,212.7702236175537,0.0
6,True,4000.0,0.03,large,facil,2000.0,2.0,True,,5398.5703125,1.3985703125,0.0254999995231628,15.00000158945719,pinn,,,195.07302021980288,12.041199826559248
6,True,4000.0,0.03,large,facil,2000.0,3.0,True,,5398.4609375,1.3984609375,0.0254999995231628,15.00000158945719,pinn,,,211.97901153564453,12.041199826559248
6,True,4000.0,0.03,large,moderado,8000.0,2.0,True,,5398.4521484375,1.3984521484375,0.0254999995231628,15.00000158945719,pinn,,,195.2820110321045,24.082399653118497
6,True,4000.0,0.03,large,moderado,8000.0,3.0,True,,5398.2763671875,1.3982763671875,0.0254999995231628,15.00000158945719,pinn,,,215.00494694709775,24.082399653118497
6,True,4000.0,0.03,large,dificil,25000.0,2.0,True,,5398.24462890625,1.39824462890625,0.0254999995231628,15.00000158945719,pinn,,,200.04730129241943,33.979400086720375
6,True,4000.0,0.03,large,dificil,25000.0,3.0,True,,5397.830078125,1.397830078125,0.0254999995231628,15.00000158945719,pinn,,,209.99600672721863,33.979400086720375
6,True,4000.0,0.03,large,muy_dificil,50000.0,2.0,True,,5397.8681640625,1.3978681640625,0.0254999995231628,15.00000158945719,pinn,,,197.5314314365387,40.0
6,True,4000.0,0.03,large,muy_dificil,50000.0,3.0,True,,5397.224609375,1.397224609375,0.0254999995231628,15.00000158945719,pinn,,,208.33020901679996,40.0
7,True,6000.0,0.005,small,trivial,500.0,2.0,True,,5471.4716796875,0.5285283203125,0.0254999995231628,409.9999904632568,pinn,,,198.0716660022736,0.0
7,True,6000.0,0.005,small,trivial,500.0,3.0,True,,5466.4296875,0.5335703125,0.0254999995231628,409.9999904632568,pinn,,,208.68020677566528,0.0
7,True,6000.0,0.005,small,facil,2000.0,2.0,True,,5471.4423828125,0.5285576171875,0.0254999995231628,409.9999904632568,pinn,,,192.52446126937863,12.041199826559248
7,True,6000.0,0.005,small,facil,2000.0,3.0,True,,5466.41162109375,0.53358837890625,0.0254999995231628,409.9999904632568,pinn,,,203.0855429172516,12.041199826559248
7,True,6000.0,0.005,small,moderado,8000.0,2.0,True,,5471.3564453125,0.5286435546875,0.0254999995231628,409.9999904632568,pinn,,,191.0681185722351,24.082399653118497
7,True,6000.0,0.005,small,moderado,8000.0,3.0,True,,5466.32763671875,0.53367236328125,0.0254999995231628,409.9999904632568,pinn,,,208.6487307548523,24.082399653118497
7,True,6000.0,0.005,small,dificil,25000.0,2.0,True,,5471.1357421875,0.5288642578125,0.0254999995231628,409.9999904632568,pinn,,,187.6408565044403,33.979400086720375
7,True,6000.0,0.005,small,dificil,25000.0,3.0,True,,5466.0400390625,0.5339599609375,0.0254999995231628,409.9999904632568,pinn,,,203.6314733028412,33.979400086720375
7,True,6000.0,0.005,small,muy_dificil,50000.0,2.0,True,,5470.765625,0.529234375,0.0254999995231628,409.9999904632568,pinn,,,197.51210927963257,40.0
7,True,6000.0,0.005,small,muy_dificil,50000.0,3.0,True,,5465.662109375,0.534337890625,0.0254999995231628,409.9999904632568,pinn,,,203.8710334300995,40.0
8,True,6000.0,0.015,medium,trivial,500.0,2.0,True,,5446.181640625,0.553818359375,0.0254999995231628,69.99999682108562,pinn,,,193.6737470626831,0.0
8,True,6000.0,0.015,medium,trivial,500.0,3.0,True,,5442.58154296875,0.55741845703125,0.0254999995231628,69.99999682108562,pinn,,,209.16130900383,0.0
8,True,6000.0,0.015,medium,facil,2000.0,2.0,True,,5446.1533203125,0.5538466796875,0.0254999995231628,69.99999682108562,pinn,,,192.9957160949707,12.041199826559248
8,True,6000.0,0.015,medium,facil,2000.0,3.0,True,,5442.55517578125,0.55744482421875,0.0254999995231628,69.99999682108562,pinn,,,206.48601269721985,12.041199826559248
8,True,6000.0,0.015,medium,moderado,8000.0,2.0,True,,5453.15771484375,0.54684228515625,0.0254999995231628,69.99999682108562,pinn,,,195.116455078125,24.082399653118497
8,True,6000.0,0.015,medium,moderado,8000.0,3.0,True,,5442.44921875,0.55755078125,0.0254999995231628,69.99999682108562,pinn,,,209.8349013328552,24.082399653118497
8,True,6000.0,0.015,medium,dificil,25000.0,2.0,True,,5445.83154296875,0.55416845703125,0.0254999995231628,69.99999682108562,pinn,,,194.75407004356384,33.979400086720375
8,True,6000.0,0.015,medium,dificil,25000.0,3.0,True,,5442.1669921875,0.5578330078125,0.0254999995231628,69.99999682108562,pinn,,,203.48273420333865,33.979400086720375
8,True,6000.0,0.015,medium,muy_dificil,50000.0,2.0,True,,5445.478515625,0.554521484375,0.0254999995231628,69.99999682108562,pinn,,,192.8993625640869,40.0
8,True,6000.0,0.015,medium,muy_dificil,50000.0,3.0,True,,5441.73876953125,0.55826123046875,0.0254999995231628,69.99999682108562,pinn,,,212.9824869632721,40.0
9,True,6000.0,0.03,large,trivial,500.0,2.0,True,,5340.06396484375,0.65993603515625,0.0254999995231628,15.00000158945719,pinn,,,192.288259267807,0.0
9,True,6000.0,0.03,large,trivial,500.0,3.0,True,,5402.28125,0.59771875,0.0254999995231628,15.00000158945719,pinn,,,197.03564548492432,0.0
9,True,6000.0,0.03,large,facil,2000.0,2.0,True,,5403.32861328125,0.59667138671875,0.0254999995231628,15.00000158945719,pinn,,,188.20751070976257,12.041199826559248
9,True,6000.0,0.03,large,facil,2000.0,3.0,True,,5402.2587890625,0.5977412109375,0.0254999995231628,15.00000158945719,pinn,,,203.38440012931824,12.041199826559248
9,True,6000.0,0.03,large,moderado,8000.0,2.0,True,,5403.21630859375,0.59678369140625,0.0254999995231628,15.00000158945719,pinn,,,194.3183023929596,24.082399653118497
9,True,6000.0,0.03,large,moderado,8000.0,3.0,True,,5402.10205078125,0.59789794921875,0.0254999995231628,15.00000158945719,pinn,,,210.05390238761905,24.082399653118497
9,True,6000.0,0.03,large,dificil,25000.0,2.0,True,,5403.06298828125,0.59693701171875,0.0254999995231628,15.00000158945719,pinn,,,192.0222511291504,33.979400086720375
9,True,6000.0,0.03,large,dificil,25000.0,3.0,True,,5401.74462890625,0.59825537109375,0.0254999995231628,15.00000158945719,pinn,,,201.5360095500946,33.979400086720375
9,True,6000.0,0.03,large,muy_dificil,50000.0,2.0,True,,5402.6328125,0.5973671875,0.0254999995231628,15.00000158945719,pinn,,,187.9217836856842,40.0
9,True,6000.0,0.03,large,muy_dificil,50000.0,3.0,True,,5401.15966796875,0.59884033203125,0.0254999995231628,15.00000158945719,pinn,,,204.58010387420651,40.0
10,True,8000.0,0.005,small,trivial,500.0,2.0,True,,5471.73876953125,2.52826123046875,0.0254999995231628,409.9999904632568,pinn,,,188.915073633194,0.0
10,True,8000.0,0.005,small,trivial,500.0,3.0,True,,5466.87548828125,2.53312451171875,0.0254999995231628,409.9999904632568,pinn,,,205.33495140075684,0.0
10,True,8000.0,0.005,small,facil,2000.0,2.0,True,,5471.72216796875,2.52827783203125,0.0254999995231628,409.9999904632568,pinn,,,192.59974718093872,12.041199826559248
10,True,8000.0,0.005,small,facil,2000.0,3.0,True,,5466.833984375,2.533166015625,0.0254999995231628,409.9999904632568,pinn,,,196.1728143692017,12.041199826559248
10,True,8000.0,0.005,small,moderado,8000.0,2.0,True,,5471.64697265625,2.52835302734375,0.0254999995231628,409.9999904632568,pinn,,,194.79679012298584,24.082399653118497
10,True,8000.0,0.005,small,moderado,8000.0,3.0,True,,5466.744140625,2.533255859375,0.0254999995231628,409.9999904632568,pinn,,,207.0465052127838,24.082399653118497
10,True,8000.0,0.005,small,dificil,25000.0,2.0,True,,5471.4306640625,2.5285693359375,0.0254999995231628,409.9999904632568,pinn,,,193.49780821800232,33.979400086720375
10,True,8000.0,0.005,small,dificil,25000.0,3.0,True,,5466.47412109375,2.53352587890625,0.0254999995231628,409.9999904632568,pinn,,,207.2107331752777,33.979400086720375
10,True,8000.0,0.005,small,muy_dificil,50000.0,2.0,True,,5471.07958984375,2.52892041015625,0.0254999995231628,409.9999904632568,pinn,,,192.16466188430783,40.0
10,True,8000.0,0.005,small,muy_dificil,50000.0,3.0,True,,5466.095703125,2.533904296875,0.0254999995231628,409.9999904632568,pinn,,,208.23133063316345,40.0
11,True,8000.0,0.015,medium,trivial,500.0,2.0,True,,5447.3466796875,2.5526533203125,0.0254999995231628,69.99999682108562,pinn,,,189.66802859306333,0.0
11,True,8000.0,0.015,medium,trivial,500.0,3.0,True,,5444.13623046875,2.55586376953125,0.0254999995231628,69.99999682108562,pinn,,,205.3869051933289,0.0
11,True,8000.0,0.015,medium,facil,2000.0,2.0,True,,5447.32763671875,2.55267236328125,0.0254999995231628,69.99999682108562,pinn,,,192.0795955657959,12.041199826559248
11,True,8000.0,0.015,medium,facil,2000.0,3.0,True,,5444.130859375,2.555869140625,0.0254999995231628,69.99999682108562,pinn,,,200.42291951179504,12.041199826559248
11,True,8000.0,0.015,medium,moderado,8000.0,2.0,True,,5447.26953125,2.55273046875,0.0254999995231628,69.99999682108562,pinn,,,187.97353601455688,24.082399653118497
11,True,8000.0,0.015,medium,moderado,8000.0,3.0,True,,5444.0205078125,2.5559794921875,0.0254999995231628,69.99999682108562,pinn,,,200.02923798561096,24.082399653118497
11,True,8000.0,0.015,medium,dificil,25000.0,2.0,True,,5447.0283203125,2.5529716796875,0.0254999995231628,69.99999682108562,pinn,,,192.8898961544037,33.979400086720375
11,True,8000.0,0.015,medium,dificil,25000.0,3.0,True,,5443.77099609375,2.55622900390625,0.0254999995231628,69.99999682108562,pinn,,,212.4696807861328,33.979400086720375
11,True,8000.0,0.015,medium,muy_dificil,50000.0,2.0,True,,5446.70654296875,2.55329345703125,0.0254999995231628,69.99999682108562,pinn,,,188.29149317741397,40.0
11,True,8000.0,0.015,medium,muy_dificil,50000.0,3.0,True,,5443.333984375,2.556666015625,0.0254999995231628,69.99999682108562,pinn,,,210.76112866401672,40.0
12,True,8000.0,0.03,large,trivial,500.0,2.0,True,,5407.3330078125,2.5926669921875,0.0254999995231628,15.00000158945719,pinn,,,188.3428041934967,0.0
12,True,8000.0,0.03,large,trivial,500.0,3.0,True,,5406.4501953125,2.5935498046875,0.0254999995231628,15.00000158945719,pinn,,,208.07554483413696,0.0
12,True,8000.0,0.03,large,facil,2000.0,2.0,True,,5407.3046875,2.5926953125,0.0254999995231628,15.00000158945719,pinn,,,193.32694172859192,12.041199826559248
12,True,8000.0,0.03,large,facil,2000.0,3.0,True,,5406.4541015625,2.5935458984375,0.0254999995231628,15.00000158945719,pinn,,,217.7044355869293,12.041199826559248
12,True,8000.0,0.03,large,moderado,8000.0,2.0,True,,5407.44091796875,2.59255908203125,0.0254999995231628,15.00000158945719,pinn,,,185.4192135334015,24.082399653118497
12,True,8000.0,0.03,large,moderado,8000.0,3.0,True,,5406.2939453125,2.5937060546875,0.0254999995231628,15.00000158945719,pinn,,,193.51449608802795,24.082399653118497
12,True,8000.0,0.03,large,dificil,25000.0,2.0,True,,5407.0166015625,2.5929833984375,0.0254999995231628,15.00000158945719,pinn,,,185.28398537635803,33.979400086720375
12,True,8000.0,0.03,large,dificil,25000.0,3.0,True,,5405.91064453125,2.59408935546875,0.0254999995231628,15.00000158945719,pinn,,,202.0649540424347,33.979400086720375
12,True,8000.0,0.03,large,muy_dificil,50000.0,2.0,True,,5406.68798828125,2.59331201171875,0.0254999995231628,15.00000158945719,pinn,,,190.41931200027463,40.0
12,True,8000.0,0.03,large,muy_dificil,50000.0,3.0,True,,5405.33056640625,2.59466943359375,0.0254999995231628,15.00000158945719,pinn,,,213.6869750022888,40.0
0,False,0.0,0.0,none,trivial,500.0,2.0,True,,5550.91650390625,,0.0254999995231628,,pinn,,,211.08318185806277,0.0
0,False,0.0,0.0,none,trivial,500.0,3.0,True,,5478.16015625,,0.0254999995231628,,pinn,,,224.9063811302185,0.0
0,False,0.0,0.0,none,facil,2000.0,2.0,True,,5484.34375,,0.0254999995231628,,pinn,,,206.93638467788696,12.041199826559248
0,False,0.0,0.0,none,facil,2000.0,3.0,True,,5478.1533203125,,0.0254999995231628,,pinn,,,214.7473704814911,12.041199826559248
0,False,0.0,0.0,none,moderado,8000.0,2.0,True,,5484.26708984375,,0.0254999995231628,,pinn,,,206.02896237373352,24.082399653118497
0,False,0.0,0.0,none,moderado,8000.0,3.0,True,,5478.056640625,,0.0254999995231628,,pinn,,,203.11075973510745,24.082399653118497
0,False,0.0,0.0,none,dificil,25000.0,2.0,True,,5484.03173828125,,0.0254999995231628,,pinn,,,192.4015793800354,33.979400086720375
0,False,0.0,0.0,none,dificil,25000.0,3.0,True,,5477.77099609375,,0.0254999995231628,,pinn,,,206.33016729354856,33.979400086720375
0,False,0.0,0.0,none,muy_dificil,50000.0,2.0,True,,5483.65869140625,,0.0254999995231628,,pinn,,,177.10503578186035,40.0
0,False,0.0,0.0,none,muy_dificil,50000.0,3.0,True,,5477.42822265625,,0.0254999995231628,,pinn,,,197.71010375022888,40.0
