scenario_id,has_leak,x_leak_true,q_leak_true,leak_size,noise_level,noise_std,n_sensors,leak_detected,x_leak_pred,x_leak_error_km,q_leak_pred,q_leak_error_pct,t_detection,training_time_s,method
1,True,2000,0.005,small,trivial,500.0,2,True,5435.5673828125,3.4355673828125,0.025499999523162842,409.99999046325684,,194.26447129249573,pinn
1,True,2000,0.005,small,trivial,500.0,3,True,5281.85009765625,3.28185009765625,0.025499999523162842,409.99999046325684,,207.53190660476685,pinn
1,True,2000,0.005,small,facil,2000.0,2,True,5470.61669921875,3.47061669921875,0.025499999523162842,409.99999046325684,,187.22634863853455,pinn
1,True,2000,0.005,small,facil,2000.0,3,True,5465.80517578125,3.46580517578125,0.025499999523162842,409.99999046325684,,202.69809913635254,pinn
1,True,2000,0.005,small,moderado,8000.0,2,True,5470.53564453125,3.47053564453125,0.025499999523162842,409.99999046325684,,194.86359167099,pinn
1,True,2000,0.005,small,moderado,8000.0,3,True,5465.6953125,3.4656953125,0.025499999523162842,409.99999046325684,,212.77047085762024,pinn
1,True,2000,0.005,small,dificil,25000.0,2,True,5470.291015625,3.470291015625,0.025499999523162842,409.99999046325684,,185.67128825187683,pinn
1,True,2000,0.005,small,dificil,25000.0,3,True,5465.44189453125,3.46544189453125,0.025499999523162842,409.99999046325684,,209.1517789363861,pinn
1,True,2000,0.005,small,muy_dificil,50000.0,2,True,5469.9052734375,3.4699052734375,0.025499999523162842,409.99999046325684,,196.01670956611633,pinn
1,True,2000,0.005,small,muy_dificil,50000.0,3,True,5465.04833984375,3.46504833984375,0.025499999523162842,409.99999046325684,,211.96433472633362,pinn
2,True,2000,0.015,medium,trivial,500.0,2,True,5442.6650390625,3.4426650390625,0.025499999523162842,69.99999682108562,,194.85323977470398,pinn
2,True,2000,0.015,medium,trivial,500.0,3,True,5439.890625,3.439890625,0.025499999523162842,69.99999682108562,,209.43372511863708,pinn
2,True,2000,0.015,medium,facil,2000.0,2,True,5442.64599609375,3.44264599609375,0.025499999523162842,69.99999682108562,,193.35791087150574,pinn
2,True,2000,0.015,medium,facil,2000.0,3,True,5439.86865234375,3.43986865234375,0.025499999523162842,69.99999682108562,,212.36641931533813,pinn
2,True,2000,0.015,medium,moderado,8000.0,2,True,5442.56005859375,3.44256005859375,0.025499999523162842,69.99999682108562,,196.794757604599,pinn
2,True,2000,0.015,medium,moderado,8000.0,3,True,5439.76318359375,3.43976318359375,0.025499999523162842,69.99999682108562,,212.20304441452026,pinn
2,True,2000,0.015,medium,dificil,25000.0,2,True,5442.35595703125,3.44235595703125,0.025499999523162842,69.99999682108562,,194.34099078178406,pinn
2,True,2000,0.015,medium,dificil,25000.0,3,True,5439.45947265625,3.43945947265625,0.025499999523162842,69.99999682108562,,211.07902693748474,pinn
2,True,2000,0.015,medium,muy_dificil,50000.0,2,True,5442.021484375,3.442021484375,0.025499999523162842,69.99999682108562,,198.50072765350342,pinn
2,True,2000,0.015,medium,muy_dificil,50000.0,3,True,5439.0166015625,3.4390166015625,0.025499999523162842,69.99999682108562,,206.64922404289246,pinn
3,True,2000,0.03,large,trivial,500.0,2,True,5393.25,3.39325,0.025499999523162842,15.00000158945719,,199.08796381950378,pinn
3,True,2000,0.03,large,trivial,500.0,3,True,5394.47607421875,3.39447607421875,0.025499999523162842,15.00000158945719,,209.83798217773438,pinn
3,True,2000,0.03,large,facil,2000.0,2,True,5393.24951171875,3.39324951171875,0.025499999523162842,15.00000158945719,,191.36965322494507,pinn
3,True,2000,0.03,large,facil,2000.0,3,True,5394.47314453125,3.39447314453125,0.025499999523162842,15.00000158945719,,209.73840761184692,pinn
3,True,2000,0.03,large,moderado,8000.0,2,True,5393.1357421875,3.3931357421875,0.025499999523162842,15.00000158945719,,189.98958683013916,pinn
3,True,2000,0.03,large,moderado,8000.0,3,True,5394.30517578125,3.39430517578125,0.025499999523162842,15.00000158945719,,198.7224645614624,pinn
3,True,2000,0.03,large,dificil,25000.0,2,True,5392.9296875,3.3929296875,0.025499999523162842,15.00000158945719,,179.11285829544067,pinn
3,True,2000,0.03,large,dificil,25000.0,3,True,5393.88232421875,3.39388232421875,0.025499999523162842,15.00000158945719,,201.4412326812744,pinn
3,True,2000,0.03,large,muy_dificil,50000.0,2,True,5392.5458984375,3.3925458984375,0.025499999523162842,15.00000158945719,,189.8742287158966,pinn
3,True,2000,0.03,large,muy_dificil,50000.0,3,True,5393.3759765625,3.3933759765625,0.025499999523162842,15.00000158945719,,205.34479475021362,pinn
4,True,4000,0.005,small,trivial,500.0,2,True,5471.0947265625,1.4710947265625,0.025499999523162842,409.99999046325684,,192.84722566604614,pinn
4,True,4000,0.005,small,trivial,500.0,3,True,5466.06005859375,1.46606005859375,0.025499999523162842,409.99999046325684,,211.8323950767517,pinn
4,True,4000,0.005,small,facil,2000.0,2,True,5471.0888671875,1.4710888671875,0.025499999523162842,409.99999046325684,,191.54240322113037,pinn
4,True,4000,0.005,small,facil,2000.0,3,True,5466.02099609375,1.46602099609375,0.025499999523162842,409.99999046325684,,200.13084292411804,pinn
4,True,4000,0.005,small,moderado,8000.0,2,True,5470.9716796875,1.4709716796875,0.025499999523162842,409.99999046325684,,201.75789785385132,pinn
4,True,4000,0.005,small,moderado,8000.0,3,True,5465.927734375,1.465927734375,0.025499999523162842,409.99999046325684,,201.4908003807068,pinn
4,True,4000,0.005,small,dificil,25000.0,2,True,5470.7578125,1.4707578125,0.025499999523162842,409.99999046325684,,198.76443600654602,pinn
4,True,4000,0.005,small,dificil,25000.0,3,True,5465.7177734375,1.4657177734375,0.025499999523162842,409.99999046325684,,199.17232513427734,pinn
4,True,4000,0.005,small,muy_dificil,50000.0,2,True,5470.4033203125,1.4704033203125,0.025499999523162842,409.99999046325684,,203.91242957115173,pinn
4,True,4000,0.005,small,muy_dificil,50000.0,3,True,5465.3125,1.4653125,0.025499999523162842,409.99999046325684,,200.15891885757446,pinn
5,True,4000,0.015,medium,trivial,500.0,2,True,5444.498046875,1.444498046875,0.025499999523162842,69.99999682108562,,180.15602731704712,pinn
5,True,4000,0.015,medium,trivial,500.0,3,True,5441.19677734375,1.44119677734375,0.025499999523162842,69.99999682108562,,199.26624488830566,pinn
5,True,4000,0.015,medium,facil,2000.0,2,True,5444.494140625,1.444494140625,0.025499999523162842,69.99999682108562,,175.87216758728027,pinn
5,True,4000,0.015,medium,facil,2000.0,3,True,5441.16552734375,1.44116552734375,0.025499999523162842,69.99999682108562,,189.14381980895996,pinn
5,True,4000,0.015,medium,moderado,8000.0,2,True,5444.40283203125,1.44440283203125,0.025499999523162842,69.99999682108562,,195.46579003334045,pinn
5,True,4000,0.015,medium,moderado,8000.0,3,True,5441.0703125,1.4410703125,0.025499999523162842,69.99999682108562,,211.83303928375244,pinn
5,True,4000,0.015,medium,dificil,25000.0,2,True,5444.17236328125,1.44417236328125,0.025499999523162842,69.99999682108562,,191.52919745445251,pinn
5,True,4000,0.015,medium,dificil,25000.0,3,True,5440.77392578125,1.44077392578125,0.025499999523162842,69.99999682108562,,211.98628783226013,pinn
5,True,4000,0.015,medium,muy_dificil,50000.0,2,True,5443.8330078125,1.4438330078125,0.025499999523162842,69.99999682108562,,197.1489384174347,pinn
5,True,4000,0.015,medium,muy_dificil,50000.0,3,True,5440.29296875,1.44029296875,0.025499999523162842,69.99999682108562,,208.0561773777008,pinn
6,True,4000,0.03,large,trivial,500.0,2,True,5398.57958984375,1.39857958984375,0.025499999523162842,15.00000158945719,,201.90479946136475,pinn
6,True,4000,0.03,large,trivial,500.0,3,True,5398.47705078125,1.39847705078125,0.025499999523162842,15.00000158945719,,212.7702236175537,pinn
6,True,4000,0.03,large,facil,2000.0,2,True,5398.5703125,1.3985703125,0.025499999523162842,15.00000158945719,,195.07302021980286,pinn
6,True,4000,0.03,large,facil,2000.0,3,True,5398.4609375,1.3984609375,0.025499999523162842,15.00000158945719,,211.97901153564453,pinn
6,True,4000,0.03,large,moderado,8000.0,2,True,5398.4521484375,1.3984521484375,0.025499999523162842,15.00000158945719,,195.2820110321045,pinn
6,True,4000,0.03,large,moderado,8000.0,3,True,5398.2763671875,1.3982763671875,0.025499999523162842,15.00000158945719,,215.00494694709778,pinn
6,True,4000,0.03,large,dificil,25000.0,2,True,5398.24462890625,1.39824462890625,0.025499999523162842,15.00000158945719,,200.04730129241943,pinn
6,True,4000,0.03,large,dificil,25000.0,3,True,5397.830078125,1.397830078125,0.025499999523162842,15.00000158945719,,209.99600672721863,pinn
6,True,4000,0.03,large,muy_dificil,50000.0,2,True,5397.8681640625,1.3978681640625,0.025499999523162842,15.00000158945719,,197.5314314365387,pinn
6,True,4000,0.03,large,muy_dificil,50000.0,3,True,5397.224609375,1.397224609375,0.025499999523162842,15.00000158945719,,208.33020901679993,pinn
7,True,6000,0.005,small,trivial,500.0,2,True,5471.4716796875,0.5285283203125,0.025499999523162842,409.99999046325684,,198.07166600227356,pinn
7,True,6000,0.005,small,trivial,500.0,3,True,5466.4296875,0.5335703125,0.025499999523162842,409.99999046325684,,208.68020677566528,pinn
7,True,6000,0.005,small,facil,2000.0,2,True,5471.4423828125,0.5285576171875,0.025499999523162842,409.99999046325684,,192.52446126937866,pinn
7,True,6000,0.005,small,facil,2000.0,3,True,5466.41162109375,0.53358837890625,0.025499999523162842,409.99999046325684,,203.0855429172516,pinn
7,True,6000,0.005,small,moderado,8000.0,2,True,5471.3564453125,0.5286435546875,0.025499999523162842,409.99999046325684,,191.0681185722351,pinn
7,True,6000,0.005,small,moderado,8000.0,3,True,5466.32763671875,0.53367236328125,0.025499999523162842,409.99999046325684,,208.6487307548523,pinn
7,True,6000,0.005,small,dificil,25000.0,2,True,5471.1357421875,0.5288642578125,0.025499999523162842,409.99999046325684,,187.6408565044403,pinn
7,True,6000,0.005,small,dificil,25000.0,3,True,5466.0400390625,0.5339599609375,0.025499999523162842,409.99999046325684,,203.6314733028412,pinn
7,True,6000,0.005,small,muy_dificil,50000.0,2,True,5470.765625,0.529234375,0.025499999523162842,409.99999046325684,,197.51210927963257,pinn
7,True,6000,0.005,small,muy_dificil,50000.0,3,True,5465.662109375,0.534337890625,0.025499999523162842,409.99999046325684,,203.8710334300995,pinn
8,True,6000,0.015,medium,trivial,500.0,2,True,5446.181640625,0.553818359375,0.025499999523162842,69.99999682108562,,193.6737470626831,pinn
8,True,6000,0.015,medium,trivial,500.0,3,True,5442.58154296875,0.55741845703125,0.025499999523162842,69.99999682108562,,209.16130900382996,pinn
8,True,6000,0.015,medium,facil,2000.0,2,True,5446.1533203125,0.5538466796875,0.025499999523162842,69.99999682108562,,192.9957160949707,pinn
8,True,6000,0.015,medium,facil,2000.0,3,True,5442.55517578125,0.55744482421875,0.025499999523162842,69.99999682108562,,206.48601269721985,pinn
8,True,6000,0.015,medium,moderado,8000.0,2,True,5453.15771484375,0.54684228515625,0.025499999523162842,69.99999682108562,,195.116455078125,pinn
8,True,6000,0.015,medium,moderado,8000.0,3,True,5442.44921875,0.55755078125,0.025499999523162842,69.99999682108562,,209.83490133285522,pinn
8,True,6000,0.015,medium,dificil,25000.0,2,True,5445.83154296875,0.55416845703125,0.025499999523162842,69.99999682108562,,194.75407004356384,pinn
8,True,6000,0.015,medium,dificil,25000.0,3,True,5442.1669921875,0.5578330078125,0.025499999523162842,69.99999682108562,,203.48273420333862,pinn
8,True,6000,0.015,medium,muy_dificil,50000.0,2,True,5445.478515625,0.554521484375,0.025499999523162842,69.99999682108562,,192.8993625640869,pinn
8,True,6000,0.015,medium,muy_dificil,50000.0,3,True,5441.73876953125,0.55826123046875,0.025499999523162842,69.99999682108562,,212.9824869632721,pinn
9,True,6000,0.03,large,trivial,500.0,2,True,5340.06396484375,0.65993603515625,0.025499999523162842,15.00000158945719,,192.288259267807,pinn
9,True,6000,0.03,large,trivial,500.0,3,True,5402.28125,0.59771875,0.025499999523162842,15.00000158945719,,197.03564548492432,pinn
9,True,6000,0.03,large,facil,2000.0,2,True,5403.32861328125,0.59667138671875,0.025499999523162842,15.00000158945719,,188.20751070976257,pinn
9,True,6000,0.03,large,facil,2000.0,3,True,5402.2587890625,0.5977412109375,0.025499999523162842,15.00000158945719,,203.38440012931824,pinn
9,True,6000,0.03,large,moderado,8000.0,2,True,5403.21630859375,0.59678369140625,0.025499999523162842,15.00000158945719,,194.3183023929596,pinn
9,True,6000,0.03,large,moderado,8000.0,3,True,5402.10205078125,0.59789794921875,0.025499999523162842,15.00000158945719,,210.05390238761902,pinn
9,True,6000,0.03,large,dificil,25000.0,2,True,5403.06298828125,0.59693701171875,0.025499999523162842,15.00000158945719,,192.0222511291504,pinn
9,True,6000,0.03,large,dificil,25000.0,3,True,5401.74462890625,0.59825537109375,0.025499999523162842,15.00000158945719,,201.5360095500946,pinn
9,True,6000,0.03,large,muy_dificil,50000.0,2,True,5402.6328125,0.5973671875,0.025499999523162842,15.00000158945719,,187.9217836856842,pinn
9,True,6000,0.03,large,muy_dificil,50000.0,3,True,5401.15966796875,0.59884033203125,0.025499999523162842,15.00000158945719,,204.58010387420654,pinn
10,True,8000,0.005,small,trivial,500.0,2,True,5471.73876953125,2.52826123046875,0.025499999523162842,409.99999046325684,,188.91507363319397,pinn
10,True,8000,0.005,small,trivial,500.0,3,True,5466.87548828125,2.53312451171875,0.025499999523162842,409.99999046325684,,205.33495140075684,pinn
10,True,8000,0.005,small,facil,2000.0,2,True,5471.72216796875,2.52827783203125,0.025499999523162842,409.99999046325684,,192.59974718093872,pinn
10,True,8000,0.005,small,facil,2000.0,3,True,5466.833984375,2.533166015625,0.025499999523162842,409.99999046325684,,196.17281436920166,pinn
10,True,8000,0.005,small,moderado,8000.0,2,True,5471.64697265625,2.52835302734375,0.025499999523162842,409.99999046325684,,194.79679012298584,pinn
10,True,8000,0.005,small,moderado,8000.0,3,True,5466.744140625,2.533255859375,0.025499999523162842,409.99999046325684,,207.0465052127838,pinn
10,True,8000,0.005,small,dificil,25000.0,2,True,5471.4306640625,2.5285693359375,0.025499999523162842,409.99999046325684,,193.49780821800232,pinn
10,True,8000,0.005,small,dificil,25000.0,3,True,5466.47412109375,2.53352587890625,0.025499999523162842,409.99999046325684,,207.2107331752777,pinn
10,True,8000,0.005,small,muy_dificil,50000.0,2,True,5471.07958984375,2.52892041015625,0.025499999523162842,409.99999046325684,,192.16466188430786,pinn
10,True,8000,0.005,small,muy_dificil,50000.0,3,True,5466.095703125,2.533904296875,0.025499999523162842,409.99999046325684,,208.23133063316345,pinn
11,True,8000,0.015,medium,trivial,500.0,2,True,5447.3466796875,2.5526533203125,0.025499999523162842,69.99999682108562,,189.66802859306335,pinn
11,True,8000,0.015,medium,trivial,500.0,3,True,5444.13623046875,2.55586376953125,0.025499999523162842,69.99999682108562,,205.38690519332886,pinn
11,True,8000,0.015,medium,facil,2000.0,2,True,5447.32763671875,2.55267236328125,0.025499999523162842,69.99999682108562,,192.0795955657959,pinn
11,True,8000,0.015,medium,facil,2000.0,3,True,5444.130859375,2.555869140625,0.025499999523162842,69.99999682108562,,200.42291951179504,pinn
11,True,8000,0.015,medium,moderado,8000.0,2,True,5447.26953125,2.55273046875,0.025499999523162842,69.99999682108562,,187.97353601455688,pinn
11,True,8000,0.015,medium,moderado,8000.0,3,True,5444.0205078125,2.5559794921875,0.025499999523162842,69.99999682108562,,200.02923798561096,pinn
11,True,8000,0.015,medium,dificil,25000.0,2,True,5447.0283203125,2.5529716796875,0.025499999523162842,69.99999682108562,,192.8898961544037,pinn
11,True,8000,0.015,medium,dificil,25000.0,3,True,5443.77099609375,2.55622900390625,0.025499999523162842,69.99999682108562,,212.4696807861328,pinn
11,True,8000,0.015,medium,muy_dificil,50000.0,2,True,5446.70654296875,2.55329345703125,0.025499999523162842,69.99999682108562,,188.29149317741394,pinn
11,True,8000,0.015,medium,muy_dificil,50000.0,3,True,5443.333984375,2.556666015625,0.025499999523162842,69.99999682108562,,210.76112866401672,pinn
12,True,8000,0.03,large,trivial,500.0,2,True,5407.3330078125,2.5926669921875,0.025499999523162842,15.00000158945719,,188.3428041934967,pinn
12,True,8000,0.03,large,trivial,500.0,3,True,5406.4501953125,2.5935498046875,0.025499999523162842,15.00000158945719,,208.07554483413696,pinn
12,True,8000,0.03,large,facil,2000.0,2,True,5407.3046875,2.5926953125,0.025499999523162842,15.00000158945719,,193.32694172859192,pinn
12,True,8000,0.03,large,facil,2000.0,3,True,5406.4541015625,2.5935458984375,0.025499999523162842,15.00000158945719,,217.70443558692932,pinn
12,True,8000,0.03,large,moderado,8000.0,2,True,5407.44091796875,2.59255908203125,0.025499999523162842,15.00000158945719,,185.4192135334015,pinn
12,True,8000,0.03,large,moderado,8000.0,3,True,5406.2939453125,2.5937060546875,0.025499999523162842,15.00000158945719,,193.51449608802795,pinn
12,True,8000,0.03,large,dificil,25000.0,2,True,5407.0166015625,2.5929833984375,0.025499999523162842,15.00000158945719,,185.28398537635803,pinn
12,True,8000,0.03,large,dificil,25000.0,3,True,5405.91064453125,2.59408935546875,0.025499999523162842,15.00000158945719,,202.0649540424347,pinn
12,True,8000,0.03,large,muy_dificil,50000.0,2,True,5406.68798828125,2.59331201171875,0.025499999523162842,15.00000158945719,,190.41931200027466,pinn
12,True,8000,0.03,large,muy_dificil,50000.0,3,True,5405.33056640625,2.59466943359375,0.025499999523162842,15.00000158945719,,213.68697500228882,pinn
0,False,0.0,0.0,none,trivial,500.0,2,True,5550.91650390625,,0.025499999523162842,,,211.08318185806274,pinn
0,False,0.0,0.0,none,trivial,500.0,3,True,5478.16015625,,0.025499999523162842,,,224.9063811302185,pinn
0,False,0.0,0.0,none,facil,2000.0,2,True,5484.34375,,0.025499999523162842,,,206.93638467788696,pinn
0,False,0.0,0.0,none,facil,2000.0,3,True,5478.1533203125,,0.025499999523162842,,,214.7473704814911,pinn
0,False,0.0,0.0,none,moderado,8000.0,2,True,5484.26708984375,,0.025499999523162842,,,206.02896237373352,pinn
0,False,0.0,0.0,none,moderado,8000.0,3,True,5478.056640625,,0.025499999523162842,,,203.11075973510742,pinn
0,False,0.0,0.0,none,dificil,25000.0,2,True,5484.03173828125,,0.025499999523162842,,,192.4015793800354,pinn
0,False,0.0,0.0,none,dificil,25000.0,3,True,5477.77099609375,,0.025499999523162842,,,206.33016729354858,pinn
0,False,0.0,0.0,none,muy_dificil,50000.0,2,True,5483.65869140625,,0.025499999523162842,,,177.10503578186035,pinn
0,False,0.0,0.0,none,muy_dificil,50000.0,3,True,5477.42822265625,,0.025499999523162842,,,197.71010375022888,pinn
